ID_x,NAME_x,NAME_normalized_x,NAME1_y,NAME2_y,TYPE_y,ID_y,NAME1_normalized_y,NAME2_normalized_y,similarity_score
18750,INSURANCECOMPANYSBERBANKINSURANCELIMITEDLIABILITYCOMPANY,INSURANCECOMPANYSBERBANKINSURANCELIMITEDLIABILITYCOMPANY,INSURANCE COMPANY SBERBANK INSURANCE LIMITED LIABILITY COMPANY,LLC INSURANCE COMPANY SBERBANK INSURANCE,C,18750,INSURANCECOMPANYSBERBANKINSURANCELIMITEDLIABILITYCOMPANY,LLCINSURANCECOMPANYSBERBANKINSURANCE,1.0
52600,PORTEXTRADELIMITED,PORTEXTRADELIMITED,PORTEX TRADE LIMITED,PORTEX TRADE FZE,C,52600,PORTEXTRADELIMITED,PORTEXTRADEFZE,1.0
48766,MAKAROVSergeiVyacheslavovich,MAKAROVSERGEIVYACHESLAVOVICH,"MAKAROV, Sergei Vyacheslavovich","MAKAROV, Sergei",I,48766,MAKAROVSERGEIVYACHESLAVOVICH,MAKAROVSERGEI,1.0
19889,ISILSAUDIARABIA,ISILSAUDIARABIA,ISIL-SAUDI ARABIA,ISLAMIC STATE OF IRAQ AND THE LEVANT-SAUDI ARABIA,C,19889,ISILSAUDIARABIA,ISLAMICSTATEOFIRAQANDTHELEVANTSAUDIARABIA,1.0
13436,INVERSIONESIRISMANUELASA,INVERSIONESIRISMANUELASA,"INVERSIONES IRIS MANUELA, S.A.",SERVICENTRO DEL LAGO,C,13436,INVERSIONESIRISMANUELASA,SERVICENTRODELLAGO,1.0
31851,MAINDIRECTORATEFORCOMBATINGORGANIZEDCRIMEANDCORRUPTIONOFTHEMVDOFTHEREPUBLICOFBELARUS,MAINDIRECTORATEFORCOMBATINGORGANIZEDCRIMEANDCORRUPTIONOFTHEMVDOFTHEREPUBLICOFBELARUS,MAIN DIRECTORATE FOR COMBATING ORGANIZED CRIME AND CORRUPTION OF THE MVD OF THE REPUBLIC OF BELARUS,GUBOPIK,C,31851,MAINDIRECTORATEFORCOMBATINGORGANIZEDCRIMEANDCORRUPTIONOFTHEMVDOFTHEREPUBLICOFBELARUS,GUBOPIK,1.0
52249,SAHINLERMETALMAKINAENDUSTRIANONIMSIRKETI,SAHINLERMETALMAKINAENDUSTRIANONIMSIRKETI,SAHINLER METAL MAKINA ENDUSTRI ANONIM SIRKETI,SAHINLER METAL MAKINA ENDUSTRI AS,C,52249,SAHINLERMETALMAKINAENDUSTRIANONIMSIRKETI,SAHINLERMETALMAKINAENDUSTRIAS,1.0
26175,CROWNAUTOTRADE,CROWNAUTOTRADE,CROWN AUTO TRADE,CROWN AUTOMOBILES,C,26175,CROWNAUTOTRADE,CROWNAUTOMOBILES,1.0
18619,KHANHafizSaeed,KHANHAFIZSAEED,"KHAN, Hafiz Saeed","SAEED, Hafiz",I,18619,KHANHAFIZSAEED,SAEEDHAFIZ,1.0
45060,SYROVATSKAYAOlgaVladimironva,SYROVATSKAYAOLGAVLADIMIRONVA,"SYROVATSKAYA, Olga Vladimironva","BOKAREVA, Olga",I,45060,SYROVATSKAYAOLGAVLADIMIRONVA,BOKAREVAOLGA,1.0
26672,BIZNESSTOLITSAOOO,BIZNESSTOLITSAOOO,"BIZNES-STOLITSA, OOO",OBSHCHESTVO S OGRANICHENNOI OTVETSTVENNOSTYU BIZNES-STOLITSA,C,26672,BIZNESSTOLITSAOOO,OBSHCHESTVOSOGRANICHENNOIOTVETSTVENNOSTYUBIZNESSTOLITSA,1.0
26744,LIMITEDLIABILITYCOMPANYNONBANKCREDITORGANIZATIONRUSSIANFINANCIALSOCIETY,LIMITEDLIABILITYCOMPANYNONBANKCREDITORGANIZATIONRUSSIANFINANCIALSOCIETY,LIMITED LIABILITY COMPANY NON-BANK CREDIT ORGANIZATION RUSSIAN FINANCIAL SOCIETY,LLC NCO RUSSIAN FINANCIAL SOCIETY,C,26744,LIMITEDLIABILITYCOMPANYNONBANKCREDITORGANIZATIONRUSSIANFINANCIALSOCIETY,LLCNCORUSSIANFINANCIALSOCIETY,1.0
30393,SELKBAFCO,SELKBAFCO,SELKBAF CO,SELKBAF SPINNING AND WEAVING FACTORIES,C,30393,SELKBAFCO,SELKBAFSPINNINGANDWEAVINGFACTORIES,1.0
12476,PARSOILANDGASCOMPANY,PARSOILANDGASCOMPANY,PARS OIL AND GAS COMPANY,POGC,C,12476,PARSOILANDGASCOMPANY,POGC,1.0
17278,KELMENDILiridon,KELMENDILIRIDON,"KELMENDI, Liridon","KELJMENDI, Liridon",I,17278,KELMENDILIRIDON,KELJMENDILIRIDON,1.0
10629,RUIZZAVALAAleyda,RUIZZAVALAALEYDA,"RUIZ ZAVALA, Aleyda","RUIZ ZAVALA, Aleida",I,10629,RUIZZAVALAALEYDA,RUIZZAVALAALEIDA,1.0
46789,DEGEETEREHans,DEGEETEREHANS,"DE GEETERE, Hans","DE GEETERE, Hans Maria Christiane Herve",I,46789,DEGEETEREHANS,DEGEETEREHANSMARIACHRISTIANEHERVE,1.0
11280,SHIHKuoNeng,SHIHKUONENG,"SHIH, Kuo Neng","KUAI NUENG, Sae Chang",I,11280,SHIHKUONENG,KUAINUENGSAECHANG,1.0
26715,ALRAWIMuhammadAbdalQadirMutniAssaf,ALRAWIMUHAMMADABDALQADIRMUTNIASSAF,"AL-RAWI, Muhammad Abd-al-Qadir Mutni Assaf","MATNI, Muhammad 'Abd-al-Qadir",I,26715,ALRAWIMUHAMMADABDALQADIRMUTNIASSAF,MATNIMUHAMMADABDALQADIR,1.0
12751,TORRESFELIXManuel,TORRESFELIXMANUEL,"TORRES FELIX, Manuel","FELIX FELIX, Manuel",I,12751,TORRESFELIXMANUEL,FELIXFELIXMANUEL,1.0
15005,ROSHANMONEYEXCHANGE,ROSHANMONEYEXCHANGE,ROSHAN MONEY EXCHANGE,ROSHAN SHIRKAT,C,15005,ROSHANMONEYEXCHANGE,ROSHANSHIRKAT,1.0
39211,SHELESTENKOHennadiyOleksandrovych,SHELESTENKOHENNADIYOLEKSANDROVYCH,"SHELESTENKO, Hennadiy Oleksandrovych","SHELESTENKO, Gennadiy Aleksandrovich",I,39211,SHELESTENKOHENNADIYOLEKSANDROVYCH,SHELESTENKOGENNADIYALEKSANDROVICH,1.0
47231,ZEENITSUPPLYANDTRADINGDMCC,ZEENITSUPPLYANDTRADINGDMCC,ZEENIT SUPPLY AND TRADING DMCC,ZEENIT SUPPLY & TRADING DMCC,C,47231,ZEENITSUPPLYANDTRADINGDMCC,ZEENITSUPPLYTRADINGDMCC,1.0
40778,RAYKESOlgaBorisovna,RAYKESOLGABORISOVNA,"RAYKES, Olga Borisovna","RAIKES, Olga Borisovna",I,40778,RAYKESOLGABORISOVNA,RAIKESOLGABORISOVNA,1.0
46703,PANAleksandrVladimirovich,PANALEKSANDRVLADIMIROVICH,"PAN, Aleksandr Vladimirovich","PAN, Alexander Vladimirovich",I,46703,PANALEKSANDRVLADIMIROVICH,PANALEXANDERVLADIMIROVICH,1.0
36034,POLTAVCHENKOGeorgiySergeyevich,POLTAVCHENKOGEORGIYSERGEYEVICH,"POLTAVCHENKO, Georgiy Sergeyevich","POLTAVCHENKO, Georgy S",I,36034,POLTAVCHENKOGEORGIYSERGEYEVICH,POLTAVCHENKOGEORGYS,1.0
34680,TRINITEXOOO,TRINITEXOOO,TRINITEX OOO,TRINITEX LLC,C,34680,TRINITEXOOO,TRINITEXLLC,1.0
47129,SAMIRHERZALLAHANDBROTHERSFORMONEYEXCHANGEANDREMITTANCES,SAMIRHERZALLAHANDBROTHERSFORMONEYEXCHANGEANDREMITTANCES,SAMIR HERZALLAH AND BROTHERS FOR MONEY EXCHANGE AND REMITTANCES,SAMEER ABED AL-MOEEN HERZALLAH AND HIS BROTHERS COMPANY FOR MONEY - EXCHANGE AND TRANSFERS,C,47129,SAMIRHERZALLAHANDBROTHERSFORMONEYEXCHANGEANDREMITTANCES,SAMEERABEDALMOEENHERZALLAHANDHISBROTHERSCOMPANYFORMONEYEXCHANGEANDTRANSFERS,1.0
39939,ZABIHPOURAmenehSadat,ZABIHPOURAMENEHSADAT,"ZABIHPOUR, Ameneh Sadat","ZABIH POUR, Ameneh Sadat",I,39939,ZABIHPOURAMENEHSADAT,ZABIHPOURAMENEHSADAT,1.0
26170,MISHKINAlexanderYevgeniyevich,MISHKINALEXANDERYEVGENIYEVICH,"MISHKIN, Alexander Yevgeniyevich","PETROV, Alexander",I,26170,MISHKINALEXANDERYEVGENIYEVICH,PETROVALEXANDER,1.0
48332,JSCNIIEVM,JSCNIIEVM,JSC NIIEVM,OPEN JOINT STOCK COMPANY RESEARCH INSTITUTE OF ELECTRONIC COMPUTERS,C,48332,JSCNIIEVM,OPENJOINTSTOCKCOMPANYRESEARCHINSTITUTEOFELECTRONICCOMPUTERS,1.0
17017,BMBANKJSC,BMBANKJSC,BM BANK JSC,JOINT STOCK COMMERCIAL BANK - BANK OF MOSCOW OPEN JOINT STOCK COMPANY,C,17017,BMBANKJSC,JOINTSTOCKCOMMERCIALBANKBANKOFMOSCOWOPENJOINTSTOCKCOMPANY,1.0
42729,KONEISTOINTERNATIONALOY,KONEISTOINTERNATIONALOY,KONEISTO INTERNATIONAL OY,KONEISTO CONSULTING,C,42729,KONEISTOINTERNATIONALOY,KONEISTOCONSULTING,1.0
35333,JOINTSTOCKCOMPANYFEDERALSCIENTIFICANDPRODUCTIONCENTERTITANBARRIKADY,JOINTSTOCKCOMPANYFEDERALSCIENTIFICANDPRODUCTIONCENTERTITANBARRIKADY,JOINT STOCK COMPANY FEDERAL SCIENTIFIC AND PRODUCTION CENTER TITAN BARRIKADY,FEDERAL RESEARCH AND PRODUCTION CENTER TITAN BARRIKADY JSC,C,35333,JOINTSTOCKCOMPANYFEDERALSCIENTIFICANDPRODUCTIONCENTERTITANBARRIKADY,FEDERALRESEARCHANDPRODUCTIONCENTERTITANBARRIKADYJSC,1.0
17242,AGRICULTURALCOOPERATIVEBANK,AGRICULTURALCOOPERATIVEBANK,AGRICULTURAL COOPERATIVE BANK,AL MASRAF AL ZERAEI AL TAWENI,C,17242,AGRICULTURALCOOPERATIVEBANK,ALMASRAFALZERAEIALTAWENI,1.0
18940,WAKEDHATUMNidalAhmed,WAKEDHATUMNIDALAHMED,"WAKED HATUM, Nidal Ahmed","WAKED HATOUM, Nidal",I,18940,WAKEDHATUMNIDALAHMED,WAKEDHATOUMNIDAL,1.0
41492,SERGHIDESDemetrios,SERGHIDESDEMETRIOS,"SERGHIDES, Demetrios","SERGHIDES, Demetris",I,41492,SERGHIDESDEMETRIOS,SERGHIDESDEMETRIS,1.0
10689,SAEEDMuhammad,SAEEDMUHAMMAD,"SAEED, Muhammad","SAEED, Hafiz Muhammad",I,10689,SAEEDMUHAMMAD,SAEEDHAFIZMUHAMMAD,1.0
45589,GAZPROMNEFTSCIENCEANDTECHNOLOGYCENTRELIMITEDLIABILITYCOMPANY,GAZPROMNEFTSCIENCEANDTECHNOLOGYCENTRELIMITEDLIABILITYCOMPANY,GAZPROMNEFT SCIENCE AND TECHNOLOGY CENTRE LIMITED LIABILITY COMPANY,GAZPROMNEFT STC LLC,C,45589,GAZPROMNEFTSCIENCEANDTECHNOLOGYCENTRELIMITEDLIABILITYCOMPANY,GAZPROMNEFTSTCLLC,1.0
29925,JEDIDMilad,JEDIDMILAD,"JEDID, Milad","JADID, Milad",I,29925,JEDIDMILAD,JADIDMILAD,1.0
50734,JOINTSTOCKCOMPANYRESEARCHANDPRODUCTIONASSOCIATIONVOLNA,JOINTSTOCKCOMPANYRESEARCHANDPRODUCTIONASSOCIATIONVOLNA,JOINT STOCK COMPANY RESEARCH AND PRODUCTION ASSOCIATION VOLNA,NPO ZAVOD VOLNA JSC,C,50734,JOINTSTOCKCOMPANYRESEARCHANDPRODUCTIONASSOCIATIONVOLNA,NPOZAVODVOLNAJSC,1.0
50767,JOINTSTOCKCOMPANYLASERSERVICE,JOINTSTOCKCOMPANYLASERSERVICE,JOINT STOCK COMPANY LASERSERVICE,AO LAZERSERVIS,C,50767,JOINTSTOCKCOMPANYLASERSERVICE,AOLAZERSERVIS,1.0
41963,AKTSIONERNOEOBSHCHESTVOTESTPRIBOR,AKTSIONERNOEOBSHCHESTVOTESTPRIBOR,AKTSIONERNOE OBSHCHESTVO TESTPRIBOR,AO TESTPRIBOR,C,41963,AKTSIONERNOEOBSHCHESTVOTESTPRIBOR,AOTESTPRIBOR,1.0
11613,ASCOTECSTEELTRADINGGMBH,ASCOTECSTEELTRADINGGMBH,ASCOTEC STEEL TRADING GMBH,ASCOTEC STEEL,C,11613,ASCOTECSTEELTRADINGGMBH,ASCOTECSTEEL,1.0
37477,QAFISHEHHishamYounisYahia,QAFISHEHHISHAMYOUNISYAHIA,"QAFISHEH, Hisham Younis Yahia","QAFISHEH, Hisham Younis Yahya",I,37477,QAFISHEHHISHAMYOUNISYAHIA,QAFISHEHHISHAMYOUNISYAHYA,1.0
37873,VYBORNYKHMaksimVladimirovich,VYBORNYKHMAKSIMVLADIMIROVICH,"VYBORNYKH, Maksim Vladimirovich","VYBORNYKH, Maxim Vladimirovich",I,37873,VYBORNYKHMAKSIMVLADIMIROVICH,VYBORNYKHMAXIMVLADIMIROVICH,1.0
39280,TIBALAJIPETROCHEMPRIVATELIMITED,TIBALAJIPETROCHEMPRIVATELIMITED,TIBALAJI PETROCHEM PRIVATE LIMITED,TIBALAJI PETROCHEM PVT. LTD.,C,39280,TIBALAJIPETROCHEMPRIVATELIMITED,TIBALAJIPETROCHEMPVTLTD,1.0
51028,MUSAAlgoneyHamdanDaglo,MUSAALGONEYHAMDANDAGLO,"MUSA, Algoney Hamdan Daglo","DAGALO, Al-Qoni Hamdan",I,51028,MUSAALGONEYHAMDANDAGLO,DAGALOALQONIHAMDAN,1.0
28029,KASADHAAmisi,KASADHAAMISI,"KASADHA, Amisi","KASADA, Kasadha",I,28029,KASADHAAMISI,KASADAKASADHA,1.0
33953,ALMAMUNChowdhuryAbdullah,ALMAMUNCHOWDHURYABDULLAH,"AL-MAMUN, Chowdhury Abdullah","ABDULLAH AL MAMUN, Chowdhury",I,33953,ALMAMUNCHOWDHURYABDULLAH,ABDULLAHALMAMUNCHOWDHURY,1.0
50623,SHENZHENBOYUIMPORTSANDEXPORTSCOLTD,SHENZHENBOYUIMPORTSANDEXPORTSCOLTD,"SHENZHEN BOYU IMPORTS AND EXPORTS CO., LTD.",SHENZHEN BOYU IMPORT EXPORT COMPANY LIMITED,C,50623,SHENZHENBOYUIMPORTSANDEXPORTSCOLTD,SHENZHENBOYUIMPORTEXPORTCOMPANYLIMITED,1.0
27426,CAROILTRANSPORTMARINELTD,CAROILTRANSPORTMARINELTD,CAROIL TRANSPORT MARINE LTD,CAROIL TRANSPORT MARINE LIMITED,C,27426,CAROILTRANSPORTMARINELTD,CAROILTRANSPORTMARINELIMITED,1.0
44968,KIROVSKYZAVODPUBLICJOINTSTOCKCOMPANY,KIROVSKYZAVODPUBLICJOINTSTOCKCOMPANY,KIROVSKY ZAVOD PUBLIC JOINT STOCK COMPANY,PUBLICHNOE AKTSIONERNOE OBSHCHESTVO KIROVSKI ZAVOD,C,44968,KIROVSKYZAVODPUBLICJOINTSTOCKCOMPANY,PUBLICHNOEAKTSIONERNOEOBSHCHESTVOKIROVSKIZAVOD,1.0
42576,SEYEDOSHOHADAAhmadKhadem,SEYEDOSHOHADAAHMADKHADEM,"SEYEDOSHOHADA, Ahmad Khadem","SAYYEDOSHOHADA, Ahmad Khadem",I,42576,SEYEDOSHOHADAAHMADKHADEM,SAYYEDOSHOHADAAHMADKHADEM,1.0
50355,SHENZHENHUASHUOSEMICONDUCTORCOLTD,SHENZHENHUASHUOSEMICONDUCTORCOLTD,SHENZHEN HUASHUO SEMICONDUCTOR CO LTD,HUASHUO SEMICONDUCTOR CO LTD,C,50355,SHENZHENHUASHUOSEMICONDUCTORCOLTD,HUASHUOSEMICONDUCTORCOLTD,1.0
48248,SHAHMARIGHOJEHBIKLORostam,SHAHMARIGHOJEHBIKLOROSTAM,"SHAHMARI GHOJEH BIKLO, Rostam","SHAHMARI GHOJEHBIKLO, Rostam",I,48248,SHAHMARIGHOJEHBIKLOROSTAM,SHAHMARIGHOJEHBIKLOROSTAM,1.0
12184,FLORESCACHOAlejandro,FLORESCACHOALEJANDRO,"FLORES CACHO, Alejandro","CACHO FLORES, Alejandro",I,12184,FLORESCACHOALEJANDRO,CACHOFLORESALEJANDRO,1.0
21764,ALGHANDOURAbuAnas,ALGHANDOURABUANAS,"AL-GHANDOUR, Abu Anas","GHANDOUR, Ahmed",I,21764,ALGHANDOURABUANAS,GHANDOURAHMED,1.0
19496,HWANGPyongSo,HWANGPYONGSO,"HWANG, Pyong So","HWANG, Pyo'ng-so'",I,19496,HWANGPYONGSO,HWANGPYONGSO,1.0
50185,AKTSIONERNOEOBSHCHESTVONORILSKAVIA,AKTSIONERNOEOBSHCHESTVONORILSKAVIA,AKTSIONERNOE OBSHCHESTVO NORILSK AVIA,NORILSK AVIA AO,C,50185,AKTSIONERNOEOBSHCHESTVONORILSKAVIA,NORILSKAVIAAO,1.0
47707,GUNMAKINGCOMPANYLEVSHATLLC,GUNMAKINGCOMPANYLEVSHATLLC,GUN MAKING COMPANY LEVSHA T LLC,LLC WEAPON FIRM LEVSHA T,C,47707,GUNMAKINGCOMPANYLEVSHATLLC,LLCWEAPONFIRMLEVSHAT,1.0
26123,SAJJADRasoul,SAJJADRASOUL,"SAJJAD, Rasoul","SAJJAD, Rasul",I,26123,SAJJADRASOUL,SAJJADRASUL,1.0
29360,TAGWIREIKudakwasheRegimond,TAGWIREIKUDAKWASHEREGIMOND,"TAGWIREI, Kudakwashe Regimond","TAGWIREI, Kuda",I,29360,TAGWIREIKUDAKWASHEREGIMOND,TAGWIREIKUDA,1.0
47834,BARKHATNOVAAllaViktorovna,BARKHATNOVAALLAVIKTOROVNA,"BARKHATNOVA, Alla Viktorovna","BARKHATNOVA, Alla Viktorivna",I,47834,BARKHATNOVAALLAVIKTOROVNA,BARKHATNOVAALLAVIKTORIVNA,1.0
50054,AKTSIONERNOEOBSHCHESTVOEVRAZNIZHNETAGILSKIMETALLURGICHESKIKOMBINAT,AKTSIONERNOEOBSHCHESTVOEVRAZNIZHNETAGILSKIMETALLURGICHESKIKOMBINAT,AKTSIONERNOE OBSHCHESTVO EVRAZ NIZHNETAGILSKI METALLURGICHESKI KOMBINAT,JOINT STOCK COMPANY EVRAZ NIZHNY TAGIL METALLURGICAL PLANT,C,50054,AKTSIONERNOEOBSHCHESTVOEVRAZNIZHNETAGILSKIMETALLURGICHESKIKOMBINAT,JOINTSTOCKCOMPANYEVRAZNIZHNYTAGILMETALLURGICALPLANT,1.0
10584,SALIMIHosein,SALIMIHOSEIN,"SALIMI, Hosein","SALAMI, Hossein",I,10584,SALIMIHOSEIN,SALAMIHOSSEIN,1.0
21265,ALHASRIBassamAhmad,ALHASRIBASSAMAHMAD,"AL-HASRI, Bassam Ahmad","HUSARI, Bassam Ahmad",I,21265,ALHASRIBASSAMAHMAD,HUSARIBASSAMAHMAD,1.0
10469,VANOYMURILLORamiro,VANOYMURILLORAMIRO,"VANOY MURILLO, Ramiro","VANOY RAMIREZ, Ramiro",I,10469,VANOYMURILLORAMIRO,VANOYRAMIREZRAMIRO,1.0
39256,HEIDARIKiyumars,HEIDARIKIYUMARS,"HEIDARI, Kiyumars","HEYDARI, Kioumars",I,39256,HEIDARIKIYUMARS,HEYDARIKIOUMARS,1.0
19276,SPECTRUMINVESTMENTGROUPHOLDINGSAL,SPECTRUMINVESTMENTGROUPHOLDINGSAL,SPECTRUM INVESTMENT GROUP HOLDING SAL,SPECTRUM INVESTMENT GROUP SAL HOLDING,C,19276,SPECTRUMINVESTMENTGROUPHOLDINGSAL,SPECTRUMINVESTMENTGROUPSALHOLDING,1.0
18644,JUNDALKHILAFAHINALGERIA,JUNDALKHILAFAHINALGERIA,JUND AL-KHILAFAH IN ALGERIA,JUND AL-KHALIFA FI ARD AL-JAZAYER,C,18644,JUNDALKHILAFAHINALGERIA,JUNDALKHALIFAFIARDALJAZAYER,1.0
38638,BEGLOVAOlgaAleksandrovna,BEGLOVAOLGAALEKSANDROVNA,"BEGLOVA, Olga Aleksandrovna","KUDRYASHOVA, Olga",I,38638,BEGLOVAOLGAALEKSANDROVNA,KUDRYASHOVAOLGA,1.0
19252,POURNAGHSHBANDHossein,POURNAGHSHBANDHOSSEIN,"POURNAGHSHBAND, Hossein","POUR NAGHSH BAND, Hussain Reza",I,19252,POURNAGHSHBANDHOSSEIN,POURNAGHSHBANDHUSSAINREZA,1.0
43065,XUUROOWHasaanAbshir,XUUROOWHASAANABSHIR,"XUUROOW, Hasaan Abshir","XUUROW, Xassan Cabshir",I,43065,XUUROOWHASAANABSHIR,XUUROWXASSANCABSHIR,1.0
15717,RUNIGAJeanMarieRugerero,RUNIGAJEANMARIERUGERERO,"RUNIGA, Jean-Marie Rugerero","RUNIGA, Jean-Marie Lugerero",I,15717,RUNIGAJEANMARIERUGERERO,RUNIGAJEANMARIELUGERERO,1.0
23465,GREENWAVETELECOMMUNICATION,GREENWAVETELECOMMUNICATION,GREEN WAVE TELECOMMUNICATION,GREEN WAVE TELECOMMUNICATION SDN BHD,C,23465,GREENWAVETELECOMMUNICATION,GREENWAVETELECOMMUNICATIONSDNBHD,1.0
30284,SOLTECHINDUSTRYCOLTD,SOLTECHINDUSTRYCOLTD,"SOLTECH INDUSTRY CO., LTD.",SOLTECH INDUSTRIES COMPANY LTD.,C,30284,SOLTECHINDUSTRYCOLTD,SOLTECHINDUSTRIESCOMPANYLTD,1.0
26094,BADISalah,BADISALAH,"BADI, Salah","BADI, Salahidin",I,26094,BADISALAH,BADISALAHIDIN,1.0
50566,BRODSKAIAElizavetaYuryevna,BRODSKAIAELIZAVETAYURYEVNA,"BRODSKAIA, Elizaveta Yuryevna","BRODSKAYA, Yelizaveta",I,50566,BRODSKAIAELIZAVETAYURYEVNA,BRODSKAYAYELIZAVETA,1.0
44254,ORBITINTERNATIONALFZE,ORBITINTERNATIONALFZE,ORBIT INTERNATIONAL FZE,ORBIT INTERNATIONAL GROUP LLC,C,44254,ORBITINTERNATIONALFZE,ORBITINTERNATIONALGROUPLLC,1.0
43289,MOROZOVADaryaVasilevna,MOROZOVADARYAVASILEVNA,"MOROZOVA, Darya Vasilevna","MOROZOVA, Daria",I,43289,MOROZOVADARYAVASILEVNA,MOROZOVADARIA,1.0
16418,QODSAVIATIONINDUSTRIES,QODSAVIATIONINDUSTRIES,QODS AVIATION INDUSTRIES,QODS RESEARCH CENTER,C,16418,QODSAVIATIONINDUSTRIES,QODSRESEARCHCENTER,1.0
51428,AKTSIONERNOEOBSHCHESTVOREGISTRATSIONNAYAKOMPANIYATSENTRINVEST,AKTSIONERNOEOBSHCHESTVOREGISTRATSIONNAYAKOMPANIYATSENTRINVEST,AKTSIONERNOE OBSHCHESTVO REGISTRATSIONNAYA KOMPANIYA TSENTR INVEST,AO RK TSENTR INVEST,C,51428,AKTSIONERNOEOBSHCHESTVOREGISTRATSIONNAYAKOMPANIYATSENTRINVEST,AORKTSENTRINVEST,1.0
30399,PISHGAMANHORIZONDEVELOPMENTIRANIANBUSINESSTRADINGCOMPANY,PISHGAMANHORIZONDEVELOPMENTIRANIANBUSINESSTRADINGCOMPANY,PISHGAMAN HORIZON DEVELOPMENT IRANIAN BUSINESS TRADING COMPANY,BAZARGANI PISHGAMAN GOSTARESH OFOQ TEJARAT IRANIAN COMPANY,C,30399,PISHGAMANHORIZONDEVELOPMENTIRANIANBUSINESSTRADINGCOMPANY,BAZARGANIPISHGAMANGOSTARESHOFOQTEJARATIRANIANCOMPANY,1.0
34672,MANAGEMENTCOMPANYPROMSVYAZLLC,MANAGEMENTCOMPANYPROMSVYAZLLC,MANAGEMENT COMPANY PROMSVYAZ LLC,UK PROMSVYAZ OOO,C,34672,MANAGEMENTCOMPANYPROMSVYAZLLC,UKPROMSVYAZOOO,1.0
50558,RAHIMIHAJJIABADISayyedMehdi,RAHIMIHAJJIABADISAYYEDMEHDI,"RAHIMI HAJJIABADI, Sayyed Mehdi","RAHIMI, Seyyed Mehdi",I,50558,RAHIMIHAJJIABADISAYYEDMEHDI,RAHIMISEYYEDMEHDI,1.0
51081,EKVIKLIMITEDLIABILITYCOMPANY,EKVIKLIMITEDLIABILITYCOMPANY,DV INK LIMITED LIABILITY COMPANY,DV INK LLC,C,52120,DVINKLIMITEDLIABILITYCOMPANY,DVINKLLC,0.8690476190476192
34761,SOVKOMFAKTORING,SOVKOMFAKTORING,SOVKOM FAKTORING,SOVCOM FACTORING,C,34761,SOVKOMFAKTORING,SOVCOMFACTORING,1.0
37030,JOINTSTOCKCOMPANYNORTHERNSHIPPINGCOMPANY,JOINTSTOCKCOMPANYNORTHERNSHIPPINGCOMPANY,JOINT STOCK COMPANY NORTHERN SHIPPING COMPANY,JSC NSC ARKHANGELSK,C,37030,JOINTSTOCKCOMPANYNORTHERNSHIPPINGCOMPANY,JSCNSCARKHANGELSK,1.0
11378,BINLADENSaad,BINLADENSAAD,"BIN LADEN, Sa'ad","BIN LADEN, Sad",I,11378,BINLADENSAAD,BINLADENSAD,1.0
40238,NIKOLAYEVAysenSergeyevich,NIKOLAYEVAYSENSERGEYEVICH,"NIKOLAYEV, Aysen Sergeyevich","NIKOLAEV, Aisen Sergeevich",I,40238,NIKOLAYEVAYSENSERGEYEVICH,NIKOLAEVAISENSERGEEVICH,1.0
48709,ALBAITALKHALEEJEGENERALTRADINGLLC,ALBAITALKHALEEJEGENERALTRADINGLLC,ALBAIT AL KHALEEJE GENERAL TRADING LLC,NORTH SOUTH CARGO,C,48709,ALBAITALKHALEEJEGENERALTRADINGLLC,NORTHSOUTHCARGO,1.0
23464,IRANAIRCRAFTINDUSTRIES,IRANAIRCRAFTINDUSTRIES,IRAN AIRCRAFT INDUSTRIES,IRAN AIRCRAFT INDUSTRIES CO.,C,23464,IRANAIRCRAFTINDUSTRIES,IRANAIRCRAFTINDUSTRIESCO,1.0
38719,KRYLLOPavelVelerevich,KRYLLOPAVELVELEREVICH,"KRYLLO, Pavel Velerevich","KRYLLO, Pavel",I,38719,KRYLLOPAVELVELEREVICH,KRYLLOPAVEL,1.0
12545,HASSANAYASHEXCHANGECOMPANY,HASSANAYASHEXCHANGECOMPANY,HASSAN AYASH EXCHANGE COMPANY,HASSAN AYAS PARTNER EXCHANGE CO,C,12545,HASSANAYASHEXCHANGECOMPANY,HASSANAYASPARTNEREXCHANGECO,1.0
42238,OXFOCENTOPROPRIETARYLTD,OXFOCENTOPROPRIETARYLTD,OXFOCENTO PROPRIETARY LTD,OXFOCENTO PTY LTD,C,42238,OXFOCENTOPROPRIETARYLTD,OXFOCENTOPTYLTD,1.0
34661,ALKESTREIDOOO,ALKESTREIDOOO,ALKES TREID OOO,ALKES TREID LLC,C,34661,ALKESTREIDOOO,ALKESTREIDLLC,1.0
9332,ALTIKRITIIbrahimSabawiIbrahimHasan,ALTIKRITIIBRAHIMSABAWIIBRAHIMHASAN,"AL-TIKRITI, Ibrahim Sabawi Ibrahim Hasan","AL-TIKRITI, Ibrahim Sab'awi Ibrahim Hasan",I,9332,ALTIKRITIIBRAHIMSABAWIIBRAHIMHASAN,ALTIKRITIIBRAHIMSABAWIIBRAHIMHASAN,1.0
11799,MORENOGONZALEZNazario,MORENOGONZALEZNAZARIO,"MORENO GONZALEZ, Nazario","MORENO, Chayo",I,11799,MORENOGONZALEZNAZARIO,MORENOCHAYO,1.0
38417,RASHIDIBARJINIAliakbar,RASHIDIBARJINIALIAKBAR,"RASHIDI-BARJINI, Aliakbar","RASHIDI, Ali Akbar",I,38417,RASHIDIBARJINIALIAKBAR,RASHIDIALIAKBAR,1.0
12114,ZAHEDIMohammedReza,ZAHEDIMOHAMMEDREZA,"ZAHEDI, Mohammed Reza","ZAHEDI, Ali Reza",I,12114,ZAHEDIMOHAMMEDREZA,ZAHEDIALIREZA,1.0
20272,SHEREMETMikhailSergeyevich,SHEREMETMIKHAILSERGEYEVICH,"SHEREMET, Mikhail Sergeyevich","SHEREMET, Mikhail Sergeevich",I,20272,SHEREMETMIKHAILSERGEYEVICH,SHEREMETMIKHAILSERGEEVICH,1.0
50921,RICHTEKHONGKONGELECTRONICCOLIMITED,RICHTEKHONGKONGELECTRONICCOLIMITED,RICHTEK HONGKONG ELECTRONIC CO LIMITED,RICHTEK HK ELECTRONIC CO LTD,C,50921,RICHTEKHONGKONGELECTRONICCOLIMITED,RICHTEKHKELECTRONICCOLTD,1.0
48730,BONYANDANESHSHARGHPRIVATECOMPANY,BONYANDANESHSHARGHPRIVATECOMPANY,BONYAN DANESH SHARGH PRIVATE COMPANY,BONYAN DANESH SHARGH COMPANY,C,48730,BONYANDANESHSHARGHPRIVATECOMPANY,BONYANDANESHSHARGHCOMPANY,1.0
36501,SAVELYEVVitalyGennadyevich,SAVELYEVVITALYGENNADYEVICH,"SAVELYEV, Vitaly Gennadyevich","SAVELIEV, Vitaly Gennadyevich",I,36501,SAVELYEVVITALYGENNADYEVICH,SAVELIEVVITALYGENNADYEVICH,1.0
40568,AKTSIONERNOYEOBSHCHESTVOTSENTRSUDOREMONTADALZAVOD,AKTSIONERNOYEOBSHCHESTVOTSENTRSUDOREMONTADALZAVOD,AKTSIONERNOYE OBSHCHESTVO TSENTR SUDOREMONTA DALZAVOD,DALZAVOD SHIP REPAIR CENTRE JOINT STOCK COMPANY,C,40568,AKTSIONERNOYEOBSHCHESTVOTSENTRSUDOREMONTADALZAVOD,DALZAVODSHIPREPAIRCENTREJOINTSTOCKCOMPANY,1.0
42396,KHAWAJAMohamad,KHAWAJAMOHAMAD,"KHAWAJA, Mohamad","KHAWAJAH, Muhammad",I,42396,KHAWAJAMOHAMAD,KHAWAJAHMUHAMMAD,1.0
38817,BANDURAVolodymyrVolodymyrovich,BANDURAVOLODYMYRVOLODYMYROVICH,"BANDURA, Volodymyr Volodymyrovich","BANDURA, Vladimir Vladimirovich",I,38817,BANDURAVOLODYMYRVOLODYMYROVICH,BANDURAVLADIMIRVLADIMIROVICH,1.0
26218,GLOBOVISIONTELECA,GLOBOVISIONTELECA,GLOBOVISION TELE C.A.,GLOBOVISION,C,26218,GLOBOVISIONTELECA,GLOBOVISION,1.0
50280,ATRANLIMITEDLIABILITYCOMPANY,ATRANLIMITEDLIABILITYCOMPANY,ATRAN LIMITED LIABILITY COMPANY,OOO ATRAN,C,50280,ATRANLIMITEDLIABILITYCOMPANY,OOOATRAN,1.0
12803,TIDEWATERMIDDLEEASTCO,TIDEWATERMIDDLEEASTCO,TIDEWATER MIDDLE EAST CO.,TIDE WATER MIDDLE EAST MARINE SERVICE,C,12803,TIDEWATERMIDDLEEASTCO,TIDEWATERMIDDLEEASTMARINESERVICE,1.0
27845,DEHGHANHossein,DEHGHANHOSSEIN,"DEHGHAN, Hossein","DEHGHAN POUDEH, Hossein",I,27845,DEHGHANHOSSEIN,DEHGHANPOUDEHHOSSEIN,1.0
28167,DEBBIYE143SAL,DEBBIYE143SAL,DEBBIYE 143 SAL,AL DIBIYA 143 SAL,C,28167,DEBBIYE143SAL,ALDIBIYA143SAL,1.0
12478,ANSARBANK,ANSARBANK,ANSAR BANK,ANSAR FINANCE AND CREDIT FUND,C,12478,ANSARBANK,ANSARFINANCEANDCREDITFUND,1.0
25664,JABBERIBNHAYAN,JABBERIBNHAYAN,JABBER IBN HAYAN,JABER IBN HAYAN RESEARCH LABORATORY,C,25664,JABBERIBNHAYAN,JABERIBNHAYANRESEARCHLABORATORY,1.0
30404,PAYASAMANPARS,PAYASAMANPARS,PAYA SAMAN PARS,PAYA SAMAN PARS COMPANY,C,30404,PAYASAMANPARS,PAYASAMANPARSCOMPANY,1.0
30623,ALKHAIWANIAbdulHakim,ALKHAIWANIABDULHAKIM,"AL-KHAIWANI, Abdul Hakim","AL-KHAIWANI, Abdulhakem Hashim",I,30623,ALKHAIWANIABDULHAKIM,ALKHAIWANIABDULHAKEMHASHIM,1.0
15587,JABERMohammad,JABERMOHAMMAD,"JABER, Mohammad","JABIR, Muhammad Mahruz",I,15587,JABERMOHAMMAD,JABIRMUHAMMADMAHRUZ,1.0
27186,KHADIJASHIPMANAGEMENTPRIVATELIMITED,KHADIJASHIPMANAGEMENTPRIVATELIMITED,KHADIJA SHIP MANAGEMENT PRIVATE LIMITED,KHADIJA SHIP MANAGEMENT PVT LTD,C,27186,KHADIJASHIPMANAGEMENTPRIVATELIMITED,KHADIJASHIPMANAGEMENTPVTLTD,1.0
31951,KHANFURAHAlaa,KHANFURAHALAA,"KHANFURAH, Alaa","KHANFURAN, Alaa",I,31951,KHANFURAHALAA,KHANFURANALAA,1.0
28350,NEMTSEVVladimirVladimirovich,NEMTSEVVLADIMIRVLADIMIROVICH,"NEMTSEV, Vladimir Vladimirovich","NEMTSEV, Volodymyr Volodymyrovych",I,28350,NEMTSEVVLADIMIRVLADIMIROVICH,NEMTSEVVOLODYMYRVOLODYMYROVYCH,1.0
49101,MININGINDUSTRIESSARLU,MININGINDUSTRIESSARLU,MINING INDUSTRIES SARLU,MINING INDUSTRIES SURL,C,49101,MININGINDUSTRIESSARLU,MININGINDUSTRIESSURL,1.0
45719,FANAVARANSANATERTEBATATCOMPANY,FANAVARANSANATERTEBATATCOMPANY,FANAVARAN SANAT ERTEBATAT COMPANY,FANAVARAN COMMUNICATION INDUSTRY COMPANY,C,45719,FANAVARANSANATERTEBATATCOMPANY,FANAVARANCOMMUNICATIONINDUSTRYCOMPANY,1.0
7867,AZIZTariq,AZIZTARIQ,"AZIZ, Tariq","AZIZ, Tariq Mikhail",I,7867,AZIZTARIQ,AZIZTARIQMIKHAIL,1.0
33175,PECHANIharMikalaevich,PECHANIHARMIKALAEVICH,"PECHAN, Ihar Mikalaevich","PECHEN, Igor Nikolaevich",I,33175,PECHANIHARMIKALAEVICH,PECHENIGORNIKOLAEVICH,1.0
47728,OBSHCHESTVOSOGRANICHENNOIOTVETSTVENNOSTIUVOENNOOKHRANNAIAKOMPANIIAKONVOI,OBSHCHESTVOSOGRANICHENNOIOTVETSTVENNOSTIUVOENNOOKHRANNAIAKOMPANIIAKONVOI,OBSHCHESTVO S OGRANICHENNOI OTVETSTVENNOSTIU VOENNO OKHRANNAIA KOMPANIIA KONVOI,PRIVATE MILITARY COMPANY CONVOY,C,47728,OBSHCHESTVOSOGRANICHENNOIOTVETSTVENNOSTIUVOENNOOKHRANNAIAKOMPANIIAKONVOI,PRIVATEMILITARYCOMPANYCONVOY,1.0
32175,ASADHaniAbdalMajidMuhammad,ASADHANIABDALMAJIDMUHAMMAD,"AS'AD, Hani 'Abd-al-Majid Muhammad","AL-'ABSI, Hani",I,32175,ASADHANIABDALMAJIDMUHAMMAD,ALABSIHANI,1.0
10862,AMMUNITIONANDMETALLURGYINDUSTRIESGROUP,AMMUNITIONANDMETALLURGYINDUSTRIESGROUP,AMMUNITION AND METALLURGY INDUSTRIES GROUP,AMIG,C,10862,AMMUNITIONANDMETALLURGYINDUSTRIESGROUP,AMIG,1.0
7877,ALSALIHMuhammadMahdi,ALSALIHMUHAMMADMAHDI,"AL-SALIH, Muhammad Mahdi","SALEH, Mohammed Mahdi",I,7877,ALSALIHMUHAMMADMAHDI,SALEHMOHAMMEDMAHDI,1.0
51284,LNGGAMMASHIPPINGPTELTD,LNGGAMMASHIPPINGPTELTD,LNG GAMMA SHIPPING PTE LTD,SCF NYK GAMMA SHIPPING PTE LTD,C,51284,LNGGAMMASHIPPINGPTELTD,SCFNYKGAMMASHIPPINGPTELTD,1.0
52293,SECONDACADEMYOFNATURALSCIENCESFOREIGNAFFAIRSBUREAU,SECONDACADEMYOFNATURALSCIENCESFOREIGNAFFAIRSBUREAU,SECOND ACADEMY OF NATURAL SCIENCES FOREIGN AFFAIRS BUREAU,KOREA KURYONGGANG TRADING CORPORATION,C,52293,SECONDACADEMYOFNATURALSCIENCESFOREIGNAFFAIRSBUREAU,KOREAKURYONGGANGTRADINGCORPORATION,1.0
15238,BARICHMohammadNaim,BARICHMOHAMMADNAIM,"BARICH, Mohammad Naim","BARAICH, Mullah Naeem",I,15238,BARICHMOHAMMADNAIM,BARAICHMULLAHNAEEM,1.0
47109,SHAMLAKHAlaa,SHAMLAKHALAA,"SHAMLAKH, Alaa","SHAMALLAKH, Ala' Yunis Hamid",I,47109,SHAMLAKHALAA,SHAMALLAKHALAYUNISHAMID,1.0
17290,ALBAKRIbrahimIsaHajjiMuhammad,ALBAKRIBRAHIMISAHAJJIMUHAMMAD,"AL-BAKR, Ibrahim 'Isa Hajji Muhammad","AL-BAKAR, Ibrahim 'Issa Haji Muhammad",I,17290,ALBAKRIBRAHIMISAHAJJIMUHAMMAD,ALBAKARIBRAHIMISSAHAJIMUHAMMAD,1.0
22906,MAKINTERNATIONALSERVICESCOLTD,MAKINTERNATIONALSERVICESCOLTD,MAK INTERNATIONAL SERVICES CO LTD,MAK INTERNATIONAL SERVICE CO LTD,C,22906,MAKINTERNATIONALSERVICESCOLTD,MAKINTERNATIONALSERVICECOLTD,1.0
49186,JOINTSTOCKCOMPANYRESEARCHANDIMPLEMENTATIONENTERPRISEPROTEK,JOINTSTOCKCOMPANYRESEARCHANDIMPLEMENTATIONENTERPRISEPROTEK,JOINT STOCK COMPANY RESEARCH AND IMPLEMENTATION ENTERPRISE PROTEK,AKTSIONERNOE OBSHCHESTVO NAUCHNO VNEDRENCHESKOE PREDPRIYATIE PROTEK,C,49186,JOINTSTOCKCOMPANYRESEARCHANDIMPLEMENTATIONENTERPRISEPROTEK,AKTSIONERNOEOBSHCHESTVONAUCHNOVNEDRENCHESKOEPREDPRIYATIEPROTEK,1.0
36024,PETROCHINAPARSCO,PETROCHINAPARSCO,PETRO CHINA PARS CO.,PARS PETROCHINA COMPANY,C,36024,PETROCHINAPARSCO,PARSPETROCHINACOMPANY,1.0
52283,CHONSURIMTRADINGCORPORATION,CHONSURIMTRADINGCORPORATION,CHONSURIM TRADING CORPORATION,KOREA CHONSURIM TRADING CORPORATION,C,52283,CHONSURIMTRADINGCORPORATION,KOREACHONSURIMTRADINGCORPORATION,1.0
23984,CONTRERASWillianAntonio,CONTRERASWILLIANANTONIO,"CONTRERAS, Willian Antonio","CONTRERAS, William",I,23984,CONTRERASWILLIANANTONIO,CONTRERASWILLIAM,1.0
34660,THAUNGJonathanMyoKyaw,THAUNGJONATHANMYOKYAW,"THAUNG, Jonathan Myo Kyaw","THAUNG, Jonathan Kwang",I,34660,THAUNGJONATHANMYOKYAW,THAUNGJONATHANKWANG,1.0
48501,AKTSIONERNOEOBSHCHESTVOPROEKTNOKONSTRUKTORSKOEBYURORIO,AKTSIONERNOEOBSHCHESTVOPROEKTNOKONSTRUKTORSKOEBYURORIO,AKTSIONERNOE OBSHCHESTVO PROEKTNO KONSTRUKTORSKOE BYURO RIO,AO PKB RIO,C,48501,AKTSIONERNOEOBSHCHESTVOPROEKTNOKONSTRUKTORSKOEBYURORIO,AOPKBRIO,1.0
30411,RAMANCOMPANY,RAMANCOMPANY,RAMAN COMPANY,RAMAN CO.,C,30411,RAMANCOMPANY,RAMANCO,1.0
29404,SAATIBINMOHAMADNAWZADMohamadAmmar,SAATIBINMOHAMADNAWZADMOHAMADAMMAR,"SAATI BIN MOHAMAD NAWZAD, Mohamad Ammar","AL-SAATI, Ammar",I,29404,SAATIBINMOHAMADNAWZADMOHAMADAMMAR,ALSAATIAMMAR,1.0
51434,ZAKRYTOEAKTSIONERNOEOBSHCHESTVOPERVYISPETSIALIZIROVANNYIDEPOZITARII,ZAKRYTOEAKTSIONERNOEOBSHCHESTVOPERVYISPETSIALIZIROVANNYIDEPOZITARII,ZAKRYTOE AKTSIONERNOE OBSHCHESTVO PERVYI SPETSIALIZIROVANNYI DEPOZITARII,ZAO PRSD,C,51434,ZAKRYTOEAKTSIONERNOEOBSHCHESTVOPERVYISPETSIALIZIROVANNYIDEPOZITARII,ZAOPRSD,1.0
31166,BYCHKOVPyotrAleksandrovich,BYCHKOVPYOTRALEKSANDROVICH,"BYCHKOV, Pyotr Aleksandrovich","BYCHKOV, Petr Alexandrovich",I,31166,BYCHKOVPYOTRALEKSANDROVICH,BYCHKOVPETRALEXANDROVICH,1.0
19587,KOREANBUYONSHIPPINGCOLTD,KOREANBUYONSHIPPINGCOLTD,KOREAN BUYON SHIPPING CO. LTD.,KOREA BUYON SHIPPING CO,C,19587,KOREANBUYONSHIPPINGCOLTD,KOREABUYONSHIPPINGCO,1.0
39176,KAJMAKOVICDiana,KAJMAKOVICDIANA,"KAJMAKOVIC, Diana","KAJMAKOVIC, Dijana",I,39176,KAJMAKOVICDIANA,KAJMAKOVICDIJANA,1.0
43072,SCTULARUBBERTECHNICALARTICLESPLANT,SCTULARUBBERTECHNICALARTICLESPLANT,SC TULA RUBBER TECHNICAL ARTICLES PLANT,JSC TULSKY FACTORY RTI,C,43072,SCTULARUBBERTECHNICALARTICLESPLANT,JSCTULSKYFACTORYRTI,1.0
31939,HTETKaung,HTETKAUNG,"HTET, Kaung","HTET, U Kaung",I,31939,HTETKAUNG,HTETUKAUNG,1.0
22204,MELNIKOVAndreiGennadyevich,MELNIKOVANDREIGENNADYEVICH,"MELNIKOV, Andrei Gennadyevich","MELNIKOV, Andrey Gennadyevich",I,22204,MELNIKOVANDREIGENNADYEVICH,MELNIKOVANDREYGENNADYEVICH,1.0
11922,VELASQUEZCABALLEROIvan,VELASQUEZCABALLEROIVAN,"VELASQUEZ CABALLERO, Ivan","VELAZQUEZ CABALLERO, Ivan",I,11922,VELASQUEZCABALLEROIVAN,VELAZQUEZCABALLEROIVAN,1.0
44151,BUROVAYAKOMPANIYAEURASIALLC,BUROVAYAKOMPANIYAEURASIALLC,BUROVAYA KOMPANIYA EURASIA LLC,LIMITED LIABILITY COMPANY EVRAZIYA,C,44151,BUROVAYAKOMPANIYAEURASIALLC,LIMITEDLIABILITYCOMPANYEVRAZIYA,1.0
43087,GABAANEMaxamedDauud,GABAANEMAXAMEDDAUUD,"GABAANE, Maxamed Dauud","QAAWANE, Maxamed Daud",I,43087,GABAANEMAXAMEDDAUUD,QAAWANEMAXAMEDDAUD,1.0
18640,ASELDEROVRustam,ASELDEROVRUSTAM,"ASELDEROV, Rustam","ASILDAROV, Rustam",I,18640,ASELDEROVRUSTAM,ASILDAROVRUSTAM,1.0
42938,QINGDAOZHONGRONGTONGTRADEDEVELOPMENTCOLTD,QINGDAOZHONGRONGTONGTRADEDEVELOPMENTCOLTD,"QINGDAO ZHONGRONGTONG TRADE DEVELOPMENT CO., LTD.","QINGDAO ZHONGRONGTONG TRADING DEVELOPMENT CO., LTD.",C,42938,QINGDAOZHONGRONGTONGTRADEDEVELOPMENTCOLTD,QINGDAOZHONGRONGTONGTRADINGDEVELOPMENTCOLTD,1.0
49260,NORDICRESISTANCEMOVEMENT,NORDICRESISTANCEMOVEMENT,NORDIC RESISTANCE MOVEMENT,SWEDISH RESISTANCE MOVEMENT,C,49260,NORDICRESISTANCEMOVEMENT,SWEDISHRESISTANCEMOVEMENT,1.0
21071,ASCARRIERINTERNACIONALSADECV,ASCARRIERINTERNACIONALSADECV,"A & S CARRIER INTERNACIONAL, S.A. DE C.V.","A Y S CARRIER INTERNACIONAL, S.A. DE C.V.",C,21071,ASCARRIERINTERNACIONALSADECV,AYSCARRIERINTERNACIONALSADECV,1.0
13143,MEHRIRANCREDITUNIONBANK,MEHRIRANCREDITUNIONBANK,MEHR IRAN CREDIT UNION BANK,BANK-E GHARZOLHASANEH MEHR IRAN,C,13143,MEHRIRANCREDITUNIONBANK,BANKEGHARZOLHASANEHMEHRIRAN,1.0
15632,TOWLIDABZARBORESHIIRAN,TOWLIDABZARBORESHIIRAN,TOWLID ABZAR BORESHI IRAN,TABA,C,15632,TOWLIDABZARBORESHIIRAN,TABA,1.0
49384,JOINTSTOCKCOMPANYPERMSCIENTIFICINDUSTRIALINSTRUMENTMAKINGCOMPANY,JOINTSTOCKCOMPANYPERMSCIENTIFICINDUSTRIALINSTRUMENTMAKINGCOMPANY,JOINT STOCK COMPANY PERM SCIENTIFIC INDUSTRIAL INSTRUMENT MAKING COMPANY,PUBLIC JOINT STOCK COMPANY PERM RESEARCH AND PRODUCTION INSTRUMENT MAKING COMPANY,C,49384,JOINTSTOCKCOMPANYPERMSCIENTIFICINDUSTRIALINSTRUMENTMAKINGCOMPANY,PUBLICJOINTSTOCKCOMPANYPERMRESEARCHANDPRODUCTIONINSTRUMENTMAKINGCOMPANY,1.0
34276,ALMAGHRABIHaythamAhmadShukriAhmad,ALMAGHRABIHAYTHAMAHMADSHUKRIAHMAD,"AL-MAGHRABI, Haytham Ahmad Shukri Ahmad","ELMAGHRABY, Haytham Ahmed Shukri Ahmad",I,34276,ALMAGHRABIHAYTHAMAHMADSHUKRIAHMAD,ELMAGHRABYHAYTHAMAHMEDSHUKRIAHMAD,1.0
7829,AYARIChihebBenMohamed,AYARICHIHEBBENMOHAMED,"AYARI, Chiheb Ben Mohamed","AL-AYARI, Chiheb Ben Mohamed Ben Mokhtar",I,7829,AYARICHIHEBBENMOHAMED,ALAYARICHIHEBBENMOHAMEDBENMOKHTAR,1.0
28571,ALHAMIDAWIAhmad,ALHAMIDAWIAHMAD,"AL-HAMIDAWI, Ahmad","AL-HAMIDAWI, Ahmad Muhsin Faraj",I,28571,ALHAMIDAWIAHMAD,ALHAMIDAWIAHMADMUHSINFARAJ,1.0
23924,ALIAhmadIman,ALIAHMADIMAN,"ALI, Ahmad Iman","ALI, Sheikh Ahmed Iman",I,23924,ALIAHMADIMAN,ALISHEIKHAHMEDIMAN,1.0
32174,MUHAMMADJamiAli,MUHAMMADJAMIALI,"MUHAMMAD, Jami' 'Ali","MOHAMMED, Jama Ali",I,32174,MUHAMMADJAMIALI,MOHAMMEDJAMAALI,1.0
9898,NAUMAUUladzimirUladzimiravich,NAUMAUULADZIMIRULADZIMIRAVICH,"NAUMAU, Uladzimir Uladzimiravich","NAUMOV, Vladimir Vladimirovich",I,9898,NAUMAUULADZIMIRULADZIMIRAVICH,NAUMOVVLADIMIRVLADIMIROVICH,1.0
10380,ALRAWIFawziMutlaq,ALRAWIFAWZIMUTLAQ,"AL-RAWI, Fawzi Mutlaq","AL-RAWI, Fawzi Isma'il Al-Husayni",I,10380,ALRAWIFAWZIMUTLAQ,ALRAWIFAWZIISMAILALHUSAYNI,1.0
39160,JOINTSTOCKCOMPANYPRODUCTIONASSOCIATIONSEVER,JOINTSTOCKCOMPANYPRODUCTIONASSOCIATIONSEVER,JOINT STOCK COMPANY PRODUCTION ASSOCIATION SEVER,PROIZVODSTVENNOYE OBYEDINENIYE SEVER,C,39160,JOINTSTOCKCOMPANYPRODUCTIONASSOCIATIONSEVER,PROIZVODSTVENNOYEOBYEDINENIYESEVER,1.0
16724,ADAMNoureddine,ADAMNOUREDDINE,"ADAM, Noureddine","ADAM, Nourredine",I,16724,ADAMNOUREDDINE,ADAMNOURREDINE,1.0
12868,KARIMALIAliAbdul,KARIMALIALIABDUL,"KARIM ALI, Ali Abdul","KARIM, Ali Abdul",I,12868,KARIMALIALIABDUL,KARIMALIABDUL,1.0
45400,INZINJERINGBNBIJELJINADOO,INZINJERINGBNBIJELJINADOO,INZINJERING-BN BIJELJINA D.O.O.,DRUSTVO SA OGRANICENOM ODGOVORNOSCU INZINJERING-BN BIJELJINA,C,45400,INZINJERINGBNBIJELJINADOO,DRUSTVOSAOGRANICENOMODGOVORNOSCUINZINJERINGBNBIJELJINA,1.0
11980,LORENZANACORDONWaldemar,LORENZANACORDONWALDEMAR,"LORENZANA CORDON, Waldemar","LORENZANA CORDON, Valdemar",I,11980,LORENZANACORDONWALDEMAR,LORENZANACORDONVALDEMAR,1.0
40186,PRIVATEMILITARYCOMPANYREDUT,PRIVATEMILITARYCOMPANYREDUT,PRIVATE MILITARY COMPANY REDUT,PRIVATE MILITARY COMPANY REDOUBT,C,40186,PRIVATEMILITARYCOMPANYREDUT,PRIVATEMILITARYCOMPANYREDOUBT,1.0
49513,ALLRUSSIANPUBLICSTATEMOVEMENTOFCHILDRENANDYOUTH,ALLRUSSIANPUBLICSTATEMOVEMENTOFCHILDRENANDYOUTH,ALL RUSSIAN PUBLIC STATE MOVEMENT OF CHILDREN AND YOUTH,MOVEMENT OF THE FIRST RUSSIAN MOVEMENT OF CHILDREN AND YOUTH,C,49513,ALLRUSSIANPUBLICSTATEMOVEMENTOFCHILDRENANDYOUTH,MOVEMENTOFTHEFIRSTRUSSIANMOVEMENTOFCHILDRENANDYOUTH,1.0
37658,KANGKyongIl,KANGKYONGIL,"KANG, Kyong Il","KANG, Kyo'ng-il",I,37658,KANGKYONGIL,KANGKYONGIL,1.0
51952,NIKIPELOVAndreiVladimirovich,NIKIPELOVANDREIVLADIMIROVICH,"NIKIPELOV, Andrei Vladimirovich","NIKIPELOV, Andrey Vladimirovich",I,51952,NIKIPELOVANDREIVLADIMIROVICH,NIKIPELOVANDREYVLADIMIROVICH,1.0
31194,ALSAADIMansur,ALSAADIMANSUR,"AL-SA'ADI, Mansur","AL-SA'ADI, Mansur Ahmad",I,31194,ALSAADIMANSUR,ALSAADIMANSURAHMAD,1.0
26398,NANGAACorneilleYobeluo,NANGAACORNEILLEYOBELUO,"NANGAA, Corneille Yobeluo","YOBELUO, Corneille Nangaa",I,26398,NANGAACORNEILLEYOBELUO,YOBELUOCORNEILLENANGAA,1.0
11631,IRANINSURANCECOMPANY,IRANINSURANCECOMPANY,IRAN INSURANCE COMPANY,BIMEH IRAN,C,11631,IRANINSURANCECOMPANY,BIMEHIRAN,1.0
35799,SRLSKYLINEAVIATION,SRLSKYLINEAVIATION,SRL SKYLINE AVIATION,SKYLINE AVIATION SRL,C,35799,SRLSKYLINEAVIATION,SKYLINEAVIATIONSRL,1.0
27020,BAKHTARRAADSEPAHANCOMPANY,BAKHTARRAADSEPAHANCOMPANY,BAKHTAR RAAD SEPAHAN COMPANY,BAKHTAR RAAD SEPAHAN CO.,C,27020,BAKHTARRAADSEPAHANCOMPANY,BAKHTARRAADSEPAHANCO,1.0
40862,UVICOMLTD,UVICOMLTD,UVICOM LTD,OBSHCHESTVO S OGRANICHENNOI OTVETSTVENNOSTYU NAUCHNO-PROIZVODSTVENNY TSENTR UGLERODNYE VOLOKNA I KOMPOZITY,C,40862,UVICOMLTD,OBSHCHESTVOSOGRANICHENNOIOTVETSTVENNOSTYUNAUCHNOPROIZVODSTVENNYTSENTRUGLERODNYEVOLOKNAIKOMPOZITY,1.0
6899,ALITIHAADALISLAMIYA,ALITIHAADALISLAMIYA,AL-ITIHAAD AL-ISLAMIYA,AIAI,C,6899,ALITIHAADALISLAMIYA,AIAI,1.0
47807,LIMITEDLIABILITYCOMPANYTMKTECHNICALSERVICE,LIMITEDLIABILITYCOMPANYTMKTECHNICALSERVICE,LIMITED LIABILITY COMPANY TMK TECHNICAL SERVICE,LLC TMK TECHSERVICE,C,47807,LIMITEDLIABILITYCOMPANYTMKTECHNICALSERVICE,LLCTMKTECHSERVICE,1.0
31731,SHAPETSKAYauhenAndreevich,SHAPETSKAYAUHENANDREEVICH,"SHAPETSKA, Yauhen Andreevich","SHAPETKO, Evgeny",I,31731,SHAPETSKAYAUHENANDREEVICH,SHAPETKOEVGENY,1.0
23176,DANDONGXIANGHETRADINGCOLTD,DANDONGXIANGHETRADINGCOLTD,"DANDONG XIANGHE TRADING CO., LTD.",DANDONG XIANGHE TRADING LTD. CO,C,23176,DANDONGXIANGHETRADINGCOLTD,DANDONGXIANGHETRADINGLTDCO,1.0
29523,ZHIHANGSHIPMANAGEMENTSHANGHAICOLTD,ZHIHANGSHIPMANAGEMENTSHANGHAICOLTD,ZHIHANG SHIP MANAGEMENT SHANGHAI CO LTD,ZHIHANG SHIP MANAGEMENT,C,29523,ZHIHANGSHIPMANAGEMENTSHANGHAICOLTD,ZHIHANGSHIPMANAGEMENT,1.0
26930,JUICHENGSHIPPINGCOMPANYLIMITED,JUICHENGSHIPPINGCOMPANYLIMITED,JUI CHENG SHIPPING COMPANY LIMITED,"JUI CHENG SHIPPING CO., LIMITED",C,26930,JUICHENGSHIPPINGCOMPANYLIMITED,JUICHENGSHIPPINGCOLIMITED,1.0
29901,ORUMIYEHPRISON,ORUMIYEHPRISON,ORUMIYEH PRISON,URMIA CENTRAL PRISON,C,29901,ORUMIYEHPRISON,URMIACENTRALPRISON,1.0
22526,LIMITEDLIABILITYCOMPANYCONCORDMANAGEMENTANDCONSULTING,LIMITEDLIABILITYCOMPANYCONCORDMANAGEMENTANDCONSULTING,LIMITED LIABILITY COMPANY CONCORD MANAGEMENT AND CONSULTING,LLC CONCORD MANAGEMENT AND CONSULTING,C,22526,LIMITEDLIABILITYCOMPANYCONCORDMANAGEMENTANDCONSULTING,LLCCONCORDMANAGEMENTANDCONSULTING,1.0
26344,QESHMFARSAIR,QESHMFARSAIR,QESHM FARS AIR,FARS AIR QESHM,C,26344,QESHMFARSAIR,FARSAIRQESHM,1.0
11695,ALQAIDAINTHEARABIANPENINSULA,ALQAIDAINTHEARABIANPENINSULA,AL-QA'IDA IN THE ARABIAN PENINSULA,AL-QA'IDA ORGANIZATION IN THE ARABIAN PENINSULA,C,11695,ALQAIDAINTHEARABIANPENINSULA,ALQAIDAORGANIZATIONINTHEARABIANPENINSULA,1.0
48642,NASABAlirezaShafie,NASABALIREZASHAFIE,"NASAB, Alireza Shafie","NASAB, Ali Reza Shafi'i",I,48642,NASABALIREZASHAFIE,NASABALIREZASHAFII,1.0
7838,MNASRIFethiBenRebaiBenAbsha,MNASRIFETHIBENREBAIBENABSHA,"MNASRI, Fethi Ben Rebai Ben Absha","FETHI, Alic",I,7838,MNASRIFETHIBENREBAIBENABSHA,FETHIALIC,1.0
12889,SALIMAbdalRahmanOuldMuhammadalHusaynOuldMuhammad,SALIMABDALRAHMANOULDMUHAMMADALHUSAYNOULDMUHAMMAD,"SALIM, 'Abd al-Rahman Ould Muhammad al-Husayn Ould Muhammad","SALEM, Abdarrahmane ould Mohamed el Houcein ould Mohamed",I,12889,SALIMABDALRAHMANOULDMUHAMMADALHUSAYNOULDMUHAMMAD,SALEMABDARRAHMANEOULDMOHAMEDELHOUCEINOULDMOHAMED,1.0
37024,NEKOMMERCHESKAYAORGANIZATSIYAFONDKHIMICHESKOERAZORUZHENIEIKONVERSIYA,NEKOMMERCHESKAYAORGANIZATSIYAFONDKHIMICHESKOERAZORUZHENIEIKONVERSIYA,NEKOMMERCHESKAYA ORGANIZATSIYA FOND KHIMICHESKOE RAZORUZHENIE I KONVERSIYA,NKO FOND KHIMRAZORUZHENIE,C,37024,NEKOMMERCHESKAYAORGANIZATSIYAFONDKHIMICHESKOERAZORUZHENIEIKONVERSIYA,NKOFONDKHIMRAZORUZHENIE,1.0
28024,BALUKUSekaMusa,BALUKUSEKAMUSA,"BALUKU, Seka Musa","BALUKU, Seka",I,28024,BALUKUSEKAMUSA,BALUKUSEKA,1.0
16518,HAQQANIYahya,HAQQANIYAHYA,"HAQQANI, Yahya","HAQQANI, Yaya",I,16518,HAQQANIYAHYA,HAQQANIYAYA,1.0
41004,CLOSEDJOINTSTOCKCOMPANYSPECIALCONSTRUCTIONBUREAU,CLOSEDJOINTSTOCKCOMPANYSPECIALCONSTRUCTIONBUREAU,CLOSED JOINT STOCK COMPANY SPECIAL CONSTRUCTION BUREAU,SKB ZAO,C,41004,CLOSEDJOINTSTOCKCOMPANYSPECIALCONSTRUCTIONBUREAU,SKBZAO,1.0
46221,PETROVICHViktorEvgenievich,PETROVICHVIKTOREVGENIEVICH,"PETROVICH, Viktor Evgenievich","PIATROVICH, Viktar Yauhenyevich",I,46221,PETROVICHVIKTOREVGENIEVICH,PIATROVICHVIKTARYAUHENYEVICH,1.0
44963,JOINTSTOCKCOMPANYGAZSTROYPROM,JOINTSTOCKCOMPANYGAZSTROYPROM,JOINT STOCK COMPANY GAZSTROYPROM,GAZSTROIPROM AO,C,44963,JOINTSTOCKCOMPANYGAZSTROYPROM,GAZSTROIPROMAO,1.0
15591,KHATTABAnasHasan,KHATTABANASHASAN,"KHATTAB, Anas Hasan","AL-KHAYAT, Samir Ahmed",I,15591,KHATTABANASHASAN,ALKHAYATSAMIRAHMED,1.0
33333,ALSHATTIJamalHusaynAbdAliAbdalRahim,ALSHATTIJAMALHUSAYNABDALIABDALRAHIM,"AL-SHATTI, Jamal Husayn 'Abd 'Ali 'Abd-al-Rahim","ALSHATTI, Jamal Hussein Abd Ali",I,33333,ALSHATTIJAMALHUSAYNABDALIABDALRAHIM,ALSHATTIJAMALHUSSEINABDALI,1.0
36840,ORLOVAlexeiMaratovich,ORLOVALEXEIMARATOVICH,"ORLOV, Alexei Maratovich","ORLOV, Aleksey Maratovich",I,36840,ORLOVALEXEIMARATOVICH,ORLOVALEKSEYMARATOVICH,1.0
18888,STATEENTERPRISEMAGARACHOFTHENATIONALINSTITUTEOFWINE,STATEENTERPRISEMAGARACHOFTHENATIONALINSTITUTEOFWINE,STATE ENTERPRISE MAGARACH OF THE NATIONAL INSTITUTE OF WINE,STATE ENTERPRISE AGRICULTURAL COMPANY MAGARACH NATIONAL INSTITUTE OF VINE AND WINE MAGARACH,C,18888,STATEENTERPRISEMAGARACHOFTHENATIONALINSTITUTEOFWINE,STATEENTERPRISEAGRICULTURALCOMPANYMAGARACHNATIONALINSTITUTEOFVINEANDWINEMAGARACH,1.0
48613,BIMLOGICLIMITEDLIABILITYCOMPANY,BIMLOGICLIMITEDLIABILITYCOMPANY,BIMLOGIC LIMITED LIABILITY COMPANY,BIMLOGIC LLC,C,48613,BIMLOGICLIMITEDLIABILITYCOMPANY,BIMLOGICLLC,1.0
9761,HALAVANAUViktarHryhoryavich,HALAVANAUVIKTARHRYHORYAVICH,"HALAVANAU, Viktar Hryhoryavich","HALAVANAU, Viktar Grigoriyevich",I,9761,HALAVANAUVIKTARHRYHORYAVICH,HALAVANAUVIKTARGRIGORIYEVICH,1.0
21463,MURTADHAMAJEEDRAMADHANALAWIAlsayed,MURTADHAMAJEEDRAMADHANALAWIALSAYED,"MURTADHA MAJEED RAMADHAN ALAWI, Alsayed","MAJEED RAMADAN AL SINDI, Murtadha",I,21463,MURTADHAMAJEEDRAMADHANALAWIALSAYED,MAJEEDRAMADANALSINDIMURTADHA,1.0
10119,TAHAKhalilIbrahimMohamedAcharFoudail,TAHAKHALILIBRAHIMMOHAMEDACHARFOUDAIL,"TAHA, Khalil Ibrahim Mohamed Achar Foudail","IBRAHIM, Khalil",I,10119,TAHAKHALILIBRAHIMMOHAMEDACHARFOUDAIL,IBRAHIMKHALIL,1.0
40868,LIMITEDLIABILITYCOMPANYPREPREGDUBNA,LIMITEDLIABILITYCOMPANYPREPREGDUBNA,LIMITED LIABILITY COMPANY PREPREG-DUBNA,OBSHCHESTVO S OGRANICHENNOI OTVETSTVENNOSTYU PREPREG-DUBNA,C,40868,LIMITEDLIABILITYCOMPANYPREPREGDUBNA,OBSHCHESTVOSOGRANICHENNOIOTVETSTVENNOSTYUPREPREGDUBNA,1.0
49199,LIMITEDLIABILITYCOMPANYPRODUCTIONPLANTNAMEDAFTERSHAUMYAN,LIMITEDLIABILITYCOMPANYPRODUCTIONPLANTNAMEDAFTERSHAUMYAN,LIMITED LIABILITY COMPANY PRODUCTION PLANT NAMED AFTER SHAUMYAN,PROIZVODSTVO ZAVOD IMENI SHAUMYANA,C,49199,LIMITEDLIABILITYCOMPANYPRODUCTIONPLANTNAMEDAFTERSHAUMYAN,PROIZVODSTVOZAVODIMENISHAUMYANA,1.0
35767,PESKOVNikolay,PESKOVNIKOLAY,"PESKOV, Nikolay","CHOLES, Nikolai",I,35767,PESKOVNIKOLAY,CHOLESNIKOLAI,1.0
43842,REICOMPANIAINTERNACIONALSADECV,REICOMPANIAINTERNACIONALSADECV,"REI COMPANIA INTERNACIONAL, S.A. DE C.V.","REI COMPANIA INTERNATIONAL, S.A. DE C.V.",C,43842,REICOMPANIAINTERNACIONALSADECV,REICOMPANIAINTERNATIONALSADECV,1.0
51332,KRAYUSHKINEvgeniy,KRAYUSHKINEVGENIY,"KRAYUSHKIN, Evgeniy","KRAYUSHIN, Evgeny",I,51332,KRAYUSHKINEVGENIY,KRAYUSHINEVGENY,1.0
12577,KALKANDuran,KALKANDURAN,"KALKAN, Duran","ERDEM, Selahattin",I,12577,KALKANDURAN,ERDEMSELAHATTIN,1.0
7328,ISAMUDDINNurjamanRiduan,ISAMUDDINNURJAMANRIDUAN,"ISAMUDDIN, Nurjaman Riduan","ISOMUDDIN, Riduan",I,7328,ISAMUDDINNURJAMANRIDUAN,ISOMUDDINRIDUAN,1.0
39437,ZAREPOUREisa,ZAREPOUREISA,"ZAREPOUR, Eisa","ZAREPOUR, Isa",I,39437,ZAREPOUREISA,ZAREPOURISA,1.0
10852,AYERASRicardoPerez,AYERASRICARDOPEREZ,"AYERAS, Ricardo Perez","AYERAS, Ricardo Abdulkarim",I,10852,AYERASRICARDOPEREZ,AYERASRICARDOABDULKARIM,1.0
23463,IRANHELICOPTERSUPPORTANDRENEWALCOMPANY,IRANHELICOPTERSUPPORTANDRENEWALCOMPANY,IRAN HELICOPTER SUPPORT AND RENEWAL COMPANY,IHSRC,C,23463,IRANHELICOPTERSUPPORTANDRENEWALCOMPANY,IHSRC,1.0
15493,ALQUDSINTERNATIONALFOUNDATION,ALQUDSINTERNATIONALFOUNDATION,AL-QUDS INTERNATIONAL FOUNDATION,AL QUDS INTERNATIONAL INSTITUTION,C,15493,ALQUDSINTERNATIONALFOUNDATION,ALQUDSINTERNATIONALINSTITUTION,1.0
24899,NASCOPOLYMERSCHEMICALSCOSALOFFSHORE,NASCOPOLYMERSCHEMICALSCOSALOFFSHORE,NASCO POLYMERS & CHEMICALS CO SAL (OFF-SHORE),NASCO POLYMERS & CHEMICALS,C,24899,NASCOPOLYMERSCHEMICALSCOSALOFFSHORE,NASCOPOLYMERSCHEMICALS,1.0
18325,PRIVATEJOINTSTOCKCOMPANYMAKOHOLDING,PRIVATEJOINTSTOCKCOMPANYMAKOHOLDING,PRIVATE JOINT-STOCK COMPANY MAKO HOLDING,MAKO HOLDING,C,18325,PRIVATEJOINTSTOCKCOMPANYMAKOHOLDING,MAKOHOLDING,1.0
47616,GAFARZADAMehti,GAFARZADAMEHTI,"GAFAR ZADA, Mehti","KAFAR ZADE, Mekhti Fikret Ogly",I,47616,GAFARZADAMEHTI,KAFARZADEMEKHTIFIKRETOGLY,1.0
46756,AFANASIEVIgorYurievich,AFANASIEVIGORYURIEVICH,"AFANASIEV, Igor Yurievich","AFANASYEV, Igor Yurievich",I,46756,AFANASIEVIGORYURIEVICH,AFANASYEVIGORYURIEVICH,1.0
47328,ALUWAYRIbrahimTalal,ALUWAYRIBRAHIMTALAL,"AL-'UWAYR, Ibrahim Talal","AGAOGLU, Ibrahim",I,47328,ALUWAYRIBRAHIMTALAL,AGAOGLUIBRAHIM,1.0
40213,FUJIANNANANIMPORTANDEXPORTCORPORATION,FUJIANNANANIMPORTANDEXPORTCORPORATION,FUJIAN NANAN IMPORT AND EXPORT CORPORATION,FUJIAN NAN'AN IMPORT AND EXPORT COMPANY,C,40213,FUJIANNANANIMPORTANDEXPORTCORPORATION,FUJIANNANANIMPORTANDEXPORTCOMPANY,1.0
11231,RENDONPOBLETERosalinda,RENDONPOBLETEROSALINDA,"RENDON POBLETE, Rosalinda","RENDON DE PULIDO, Rosalinda",I,11231,RENDONPOBLETEROSALINDA,RENDONDEPULIDOROSALINDA,1.0
10899,BELTRANLEYVAMarcosArturo,BELTRANLEYVAMARCOSARTURO,"BELTRAN LEYVA, Marcos Arturo","BELTRAN LEYVA, Arturo",I,10899,BELTRANLEYVAMARCOSARTURO,BELTRANLEYVAARTURO,1.0
12101,COMERCIALIZADORADEGANADOYRENTASDECAPITALSA,COMERCIALIZADORADEGANADOYRENTASDECAPITALSA,COMERCIALIZADORA DE GANADO Y RENTAS DE CAPITAL S.A.,GANARECA S.A.,C,12101,COMERCIALIZADORADEGANADOYRENTASDECAPITALSA,GANARECASA,1.0
30545,KAZAKEVICHHenadzArkadzievich,KAZAKEVICHHENADZARKADZIEVICH,"KAZAKEVICH, Henadz Arkadzievich","KAZAKEVICH, Henadz",I,30545,KAZAKEVICHHENADZARKADZIEVICH,KAZAKEVICHHENADZ,1.0
48663,DICKOJafar,DICKOJAFAR,"DICKO, Jafar","DICKO, Abdoul Salam",I,48663,DICKOJAFAR,DICKOABDOULSALAM,1.0
46674,JOINTSTOCKCOMPANYSCIENTIFICANDTECHNICALCOMPANYAZIMUTPHOTONICS,JOINTSTOCKCOMPANYSCIENTIFICANDTECHNICALCOMPANYAZIMUTPHOTONICS,JOINT STOCK COMPANY SCIENTIFIC AND TECHNICAL COMPANY AZIMUT PHOTONICS,ZAO NTK AZIMUTH PHOTONICS,C,46674,JOINTSTOCKCOMPANYSCIENTIFICANDTECHNICALCOMPANYAZIMUTPHOTONICS,ZAONTKAZIMUTHPHOTONICS,1.0
52725,SHAANXIHONGRUNJINHUATRADINGCOLTD,SHAANXIHONGRUNJINHUATRADINGCOLTD,SHAANXI HONGRUN JINHUA TRADING CO LTD,SHAANXI HONGRUN JINHUA TRADE AND COMMERCE COMPANY LTD,C,52725,SHAANXIHONGRUNJINHUATRADINGCOLTD,SHAANXIHONGRUNJINHUATRADEANDCOMMERCECOMPANYLTD,1.0
16819,WANGGuoying,WANGGUOYING,"WANG, Guoying","WANG, Guo Ying",I,16819,WANGGUOYING,WANGGUOYING,1.0
21747,CHOEChunYong,CHOECHUNYONG,"CHOE, Chun Yong","CH'OE, Ch'un-yo'ng",I,21747,CHOECHUNYONG,CHOECHUNYONG,1.0
10657,ALJABURIMishanRakinThamin,ALJABURIMISHANRAKINTHAMIN,"AL-JABURI, Mish'an Rakin Thamin","AL-JABURI, Mushan",I,10657,ALJABURIMISHANRAKINTHAMIN,ALJABURIMUSHAN,1.0
18749,JOINTSTOCKCOMPANYSBERBANKPRIVATEPENSIONFUND,JOINTSTOCKCOMPANYSBERBANKPRIVATEPENSIONFUND,JOINT STOCK COMPANY SBERBANK PRIVATE PENSION FUND,CJSC NON-STATE PENSION FUND OF SBERBANK,C,18749,JOINTSTOCKCOMPANYSBERBANKPRIVATEPENSIONFUND,CJSCNONSTATEPENSIONFUNDOFSBERBANK,1.0
11493,ALDARIMuthannaHarith,ALDARIMUTHANNAHARITH,"AL-DARI, Muthanna Harith","AL DARI, Dr. Muthanna",I,11493,ALDARIMUTHANNAHARITH,ALDARIDRMUTHANNA,1.0
42301,FADICOSACC,FADICOSACC,FADICO S A CC,FADICO CC,C,42301,FADICOSACC,FADICOCC,1.0
6901,ALADLSayf,ALADLSAYF,"AL-ADL, Sayf","AL-'ADIL, Saif",I,6901,ALADLSAYF,ALADILSAIF,1.0
47939,S7ENGINEERINGLLC,S7ENGINEERINGLLC,S 7 ENGINEERING LLC,S 7 INZHINIRING OOO,C,47939,S7ENGINEERINGLLC,S7INZHINIRINGOOO,1.0
30548,FIDESSHIPMANAGEMENTLLC,FIDESSHIPMANAGEMENTLLC,FIDES SHIP MANAGEMENT LLC,TOVARYSTVO Z OBMEZHENOYU VIDPOVIDALNISTYU FIDES SHYP MENEDZHMENT,C,30548,FIDESSHIPMANAGEMENTLLC,TOVARYSTVOZOBMEZHENOYUVIDPOVIDALNISTYUFIDESSHYPMENEDZHMENT,1.0
17189,ALALIHamidHamadHamid,ALALIHAMIDHAMADHAMID,"AL-'ALI, Hamid Hamad Hamid","AL-'ALI, Hamid Hamad",I,17189,ALALIHAMIDHAMADHAMID,ALALIHAMIDHAMAD,1.0
48309,ORCHIDIAREGIONALFORGENERALTRADINGANDCONTRACTINGCOMPANY,ORCHIDIAREGIONALFORGENERALTRADINGANDCONTRACTINGCOMPANY,ORCHIDIA REGIONAL FOR GENERAL TRADING AND CONTRACTING COMPANY,ORCHIDIA REGIONAL GEN. TRAD. & CONT. CO.,C,48309,ORCHIDIAREGIONALFORGENERALTRADINGANDCONTRACTINGCOMPANY,ORCHIDIAREGIONALGENTRADCONTCO,1.0
33259,YANSuXuan,YANSUXUAN,"YAN, Su Xuan","YAN, Yen",I,33259,YANSUXUAN,YANYEN,1.0
20290,LLCKOKSOKHIMTRANS,LLCKOKSOKHIMTRANS,LLC KOKSOKHIMTRANS,KOKSOKHIMTRANS LTD.,C,20290,LLCKOKSOKHIMTRANS,KOKSOKHIMTRANSLTD,1.0
30966,KANAndrew,KANANDREW,"KAN, Andrew","KAN, Kai Yan",I,30966,KANANDREW,KANKAIYAN,1.0
35376,FUJIANPROVINCIALPINGTANCOUNTYOCEANFISHINGGROUPCOLTD,FUJIANPROVINCIALPINGTANCOUNTYOCEANFISHINGGROUPCOLTD,"FUJIAN PROVINCIAL PINGTAN COUNTY OCEAN FISHING GROUP CO., LTD.",PINGTAN FISHING,C,35376,FUJIANPROVINCIALPINGTANCOUNTYOCEANFISHINGGROUPCOLTD,PINGTANFISHING,1.0
39300,NUREYAbdirahman,NUREYABDIRAHMAN,"NUREY, Abdirahman","NUREY, Abdelrahman",I,39300,NUREYABDIRAHMAN,NUREYABDELRAHMAN,1.0
35759,DIRKSNataliaGermanova,DIRKSNATALIAGERMANOVA,"DIRKS, Natalia Germanova","DIRKS, Natalya Germanovna",I,35759,DIRKSNATALIAGERMANOVA,DIRKSNATALYAGERMANOVNA,1.0
52617,SHENZHENYISHENGDAINTERNATIONALTECHNOLOGYCOLTD,SHENZHENYISHENGDAINTERNATIONALTECHNOLOGYCOLTD,SHENZHEN YISHENGDA INTERNATIONAL TECHNOLOGY CO LTD,SHENZHEN YSD GLOBAL TECHNOLOGY CO LTD,C,52617,SHENZHENYISHENGDAINTERNATIONALTECHNOLOGYCOLTD,SHENZHENYSDGLOBALTECHNOLOGYCOLTD,1.0
50760,AURORATOOLSLIMITEDLIABILITYCOMPANY,AURORATOOLSLIMITEDLIABILITYCOMPANY,AURORATOOLS LIMITED LIABILITY COMPANY,OOO AVRORATULS,C,50760,AURORATOOLSLIMITEDLIABILITYCOMPANY,OOOAVRORATULS,1.0
30394,ALIAFCOMPANY,ALIAFCOMPANY,ALIAF COMPANY,ALIAF CO.,C,30394,ALIAFCOMPANY,ALIAFCO,1.0
46508,AMCSERVICEFZE,AMCSERVICEFZE,AMC SERVICE FZE,AMC SERVICE FZC,C,46508,AMCSERVICEFZE,AMCSERVICEFZC,1.0
25842,STARSHIPMANAGEMENTLIMITED,STARSHIPMANAGEMENTLIMITED,STAR SHIP MANAGEMENT LIMITED,STAR SHIP MANAGEMENT LTD-BZE,C,25842,STARSHIPMANAGEMENTLIMITED,STARSHIPMANAGEMENTLTDBZE,1.0
12890,KHANMustafaHajjiMuhammad,KHANMUSTAFAHAJJIMUHAMMAD,"KHAN, Mustafa Hajji Muhammad","GHUL, Hassan",I,12890,KHANMUSTAFAHAJJIMUHAMMAD,GHULHASSAN,1.0
51466,AKTSIONERNOEOBSHCHESTVOAGENTSTVOREGIONALNYINEZAVISIMYIREGISTRATOR,AKTSIONERNOEOBSHCHESTVOAGENTSTVOREGIONALNYINEZAVISIMYIREGISTRATOR,AKTSIONERNOE OBSHCHESTVO AGENTSTVO REGIONALNYI NEZAVISIMYI REGISTRATOR,AO AGENTSTVO RNR,C,51466,AKTSIONERNOEOBSHCHESTVOAGENTSTVOREGIONALNYINEZAVISIMYIREGISTRATOR,AOAGENTSTVORNR,1.0
43092,DAOUDSuleimanCabdi,DAOUDSULEIMANCABDI,"DAOUD, Suleiman Cabdi","GOOBE, Suleiman Daoud",I,43092,DAOUDSULEIMANCABDI,GOOBESULEIMANDAOUD,1.0
15098,ADVANCEDINFORMATIONANDCOMMUNICATIONTECHNOLOGYCENTER,ADVANCEDINFORMATIONANDCOMMUNICATIONTECHNOLOGYCENTER,ADVANCED INFORMATION AND COMMUNICATION TECHNOLOGY CENTER,AICTC,C,15098,ADVANCEDINFORMATIONANDCOMMUNICATIONTECHNOLOGYCENTER,AICTC,1.0
7201,THEAIDORGANIZATIONOFTHEULEMA,THEAIDORGANIZATIONOFTHEULEMA,THE AID ORGANIZATION OF THE ULEMA,AL RASHID TRUST,C,7201,THEAIDORGANIZATIONOFTHEULEMA,ALRASHIDTRUST,1.0
11636,KALALIMITED,KALALIMITED,KALA LIMITED,KALA NAFT LONDON LTD,C,11636,KALALIMITED,KALANAFTLONDONLTD,1.0
11447,LIFangwei,LIFANGWEI,"LI, Fangwei","LEE, Karl",I,11447,LIFANGWEI,LEEKARL,1.0
49255,JOINTSTOCKCOMPANYSHIPBUILDINGPLANTNAMEDAFTERBYEBUTOMA,JOINTSTOCKCOMPANYSHIPBUILDINGPLANTNAMEDAFTERBYEBUTOMA,JOINT STOCK COMPANY SHIPBUILDING PLANT NAMED AFTER B YE BUTOMA,AO SUDOSTROITELNYI ZAVOD IMENI BE BUTOMY,C,49255,JOINTSTOCKCOMPANYSHIPBUILDINGPLANTNAMEDAFTERBYEBUTOMA,AOSUDOSTROITELNYIZAVODIMENIBEBUTOMY,1.0
39258,IRANSMORALITYPOLICE,IRANSMORALITYPOLICE,IRAN'S MORALITY POLICE,MORAL SECURITY POLICE,C,39258,IRANSMORALITYPOLICE,MORALSECURITYPOLICE,1.0
32758,OOTunTun,OOTUNTUN,"OO, Tun Tun","OO, U Tun Tun",I,32758,OOTUNTUN,OOUTUNTUN,1.0
33958,KHALOZAIIsmatullah,KHALOZAIISMATULLAH,"KHALOZAI, Ismatullah","KHALOUZAI, Asmatullah",I,33958,KHALOZAIISMATULLAH,KHALOUZAIASMATULLAH,1.0
51865,VOROBYEVVadimNikolaevich,VOROBYEVVADIMNIKOLAEVICH,"VOROBYEV, Vadim Nikolaevich","VOROBEV, Vadim Nikolaevich",I,51865,VOROBYEVVADIMNIKOLAEVICH,VOROBEVVADIMNIKOLAEVICH,1.0
52262,DEPARTMENT53OFTHEMINISTRYOFTHEPEOPLESARMEDFORCES,DEPARTMENT53OFTHEMINISTRYOFTHEPEOPLESARMEDFORCES,DEPARTMENT 53 OF THE MINISTRY OF THE PEOPLE'S ARMED FORCES,KOREA PONGNAESAN TRADING CORPORATION,C,52262,DEPARTMENT53OFTHEMINISTRYOFTHEPEOPLESARMEDFORCES,KOREAPONGNAESANTRADINGCORPORATION,1.0
30264,ZAPATAGARZONJhonFredy,ZAPATAGARZONJHONFREDY,"ZAPATA GARZON, Jhon Fredy","ZAPATA GARZON, John Fredy",I,30264,ZAPATAGARZONJHONFREDY,ZAPATAGARZONJOHNFREDY,1.0
51437,JOINTSTOCKCOMPANYREGISTRATORINTRACO,JOINTSTOCKCOMPANYREGISTRATORINTRACO,JOINT STOCK COMPANY REGISTRATOR INTRACO,AO REGISTRATOR INTRAKO,C,51437,JOINTSTOCKCOMPANYREGISTRATORINTRACO,AOREGISTRATORINTRAKO,1.0
49305,OSTECSMARTTECHNOLOGIESLIMITEDLIABILITYCOMPANY,OSTECSMARTTECHNOLOGIESLIMITEDLIABILITYCOMPANY,OSTEC SMART TECHNOLOGIES LIMITED LIABILITY COMPANY,OSTEC SMART TECHNOLOGIES LLC,C,49305,OSTECSMARTTECHNOLOGIESLIMITEDLIABILITYCOMPANY,OSTECSMARTTECHNOLOGIESLLC,1.0
38818,SAULENKOOleksandrFedorovych,SAULENKOOLEKSANDRFEDOROVYCH,"SAULENKO, Oleksandr Fedorovych","SAULENKO, Alexander Fedorovich",I,38818,SAULENKOOLEKSANDRFEDOROVYCH,SAULENKOALEXANDERFEDOROVICH,1.0
48724,BAKHSHAYESHHossein,BAKHSHAYESHHOSSEIN,"BAKHSHAYESH, Hossein","BAKHSHAISH, Hussein",I,48724,BAKHSHAYESHHOSSEIN,BAKHSHAISHHUSSEIN,1.0
48860,RUSSIANALLTERRAINVEHICLESPLASTUNCOMPANY,RUSSIANALLTERRAINVEHICLESPLASTUNCOMPANY,RUSSIAN ALL TERRAIN VEHICLES PLASTUN COMPANY,RUSSKIE MASHINY PLASTUN,C,48860,RUSSIANALLTERRAINVEHICLESPLASTUNCOMPANY,RUSSKIEMASHINYPLASTUN,1.0
44619,GREENWITHOUTBORDERS,GREENWITHOUTBORDERS,GREEN WITHOUT BORDERS,"NATIONAL ASSOCIATION FOR THE PROTECTION AND DEVELOPMENT OF FOREST, ENVIRONMENTAL, AND ANIMAL WEALTH",C,44619,GREENWITHOUTBORDERS,NATIONALASSOCIATIONFORTHEPROTECTIONANDDEVELOPMENTOFFORESTENVIRONMENTALANDANIMALWEALTH,1.0
11725,BELTRANLEYVAAlfredo,BELTRANLEYVAALFREDO,"BELTRAN LEYVA, Alfredo","BELTRAN LEYVA, Hector Alfredo",I,11725,BELTRANLEYVAALFREDO,BELTRANLEYVAHECTORALFREDO,1.0
51299,SAADSAZEHFARAZSHARIF,SAADSAZEHFARAZSHARIF,SAAD SAZEH FARAZ SHARIF,DARIA FANAVAR BORHAN SHARIF,C,51299,SAADSAZEHFARAZSHARIF,DARIAFANAVARBORHANSHARIF,1.0
40187,JOINTSTOCKCOMPANYNATIONALAVIATIONSERVICECOMPANY,JOINTSTOCKCOMPANYNATIONALAVIATIONSERVICECOMPANY,JOINT STOCK COMPANY NATIONAL AVIATION SERVICE COMPANY,NATIONAL AVIATION SERVICE COMPANY,C,40187,JOINTSTOCKCOMPANYNATIONALAVIATIONSERVICECOMPANY,NATIONALAVIATIONSERVICECOMPANY,1.0
50366,DONGGUANSHENGYINCNCEQUIPMENTCOLTD,DONGGUANSHENGYINCNCEQUIPMENTCOLTD,DONGGUAN SHENGYIN CNC EQUIPMENT CO LTD,DONGGUAN SHENGYIN NUMERICAL CONTROL EQUIPMENT CO LTD,C,50366,DONGGUANSHENGYINCNCEQUIPMENTCOLTD,DONGGUANSHENGYINNUMERICALCONTROLEQUIPMENTCOLTD,1.0
16085,DAEDONGCREDITBANK,DAEDONGCREDITBANK,DAEDONG CREDIT BANK,DAE-DONG CREDIT BANK,C,16085,DAEDONGCREDITBANK,DAEDONGCREDITBANK,1.0
31831,HRYBMikhail,HRYBMIKHAIL,"HRYB, Mikhail","GRIB, Mikhail Vyacheslavovich",I,31831,HRYBMIKHAIL,GRIBMIKHAILVYACHESLAVOVICH,1.0
21388,ROCHMANOman,ROCHMANOMAN,"ROCHMAN, Oman","RAHMAN, Oman",I,21388,ROCHMANOMAN,RAHMANOMAN,1.0
6912,ALRASHIDTRUST,ALRASHIDTRUST,AL RASHID TRUST,AL RASHEED TRUST,C,6912,ALRASHIDTRUST,ALRASHEEDTRUST,1.0
43536,DEFENSEINDUSTRIESSYSTEM,DEFENSEINDUSTRIESSYSTEM,DEFENSE INDUSTRIES SYSTEM,MILITARY INDUSTRY CORPORATION,C,43536,DEFENSEINDUSTRIESSYSTEM,MILITARYINDUSTRYCORPORATION,1.0
45209,KAMCHEVKONSALTINGSKOPJEDOOEL,KAMCHEVKONSALTINGSKOPJEDOOEL,KAMCHEV KONSALTING SKOPJE DOOEL,KAMCHEV CONSULTING,C,45209,KAMCHEVKONSALTINGSKOPJEDOOEL,KAMCHEVCONSULTING,1.0
49522,MAXJETSERVICELIMITEDLIABILITYCOMPANY,MAXJETSERVICELIMITEDLIABILITYCOMPANY,MAX JET SERVICE LIMITED LIABILITY COMPANY,MAX JET SERVICE SRL,C,49522,MAXJETSERVICELIMITEDLIABILITYCOMPANY,MAXJETSERVICESRL,1.0
13091,ZAYTSEVAlekseyAlekseyevich,ZAYTSEVALEKSEYALEKSEYEVICH,"ZAYTSEV, Aleksey Alekseyevich","ZAITSEV, Alexei",I,13091,ZAYTSEVALEKSEYALEKSEYEVICH,ZAITSEVALEXEI,1.0
47926,JOINTSTOCKCOMPANYECHELONTECHNOLOGIES,JOINTSTOCKCOMPANYECHELONTECHNOLOGIES,JOINT STOCK COMPANY ECHELON TECHNOLOGIES,AKTSIONERNOE OBSCHESTVO ESHELON TEKHNOLOGII,C,47926,JOINTSTOCKCOMPANYECHELONTECHNOLOGIES,AKTSIONERNOEOBSCHESTVOESHELONTEKHNOLOGII,1.0
52265,GHEZELHESARPRISON,GHEZELHESARPRISON,GHEZEL HESAR PRISON,GHEZEL HESAR PENITENTIARY,C,52265,GHEZELHESARPRISON,GHEZELHESARPENITENTIARY,1.0
32370,AUNGHlaingBwar,AUNGHLAINGBWAR,"AUNG, Hlaing Bwar","AUNG, U Hlaing Bwar",I,32370,AUNGHLAINGBWAR,AUNGUHLAINGBWAR,1.0
22416,IFDKZAO,IFDKZAO,"IFDK, ZAO",IFD KAPITAL GROUP,C,22416,IFDKZAO,IFDKAPITALGROUP,1.0
47330,YARASALOFFSHORECOMPANY,YARASALOFFSHORECOMPANY,YARA S.A.L. OFFSHORE COMPANY,YARA OFFSHORE SAL,C,47330,YARASALOFFSHORECOMPANY,YARAOFFSHORESAL,1.0
32040,MLBUILDEAD,MLBUILDEAD,ML BUILD EAD,ML BILD EAD,C,32040,MLBUILDEAD,MLBILDEAD,1.0
40992,KAMBIZNABIZADEHANDPARTNERSEXCHANGE,KAMBIZNABIZADEHANDPARTNERSEXCHANGE,KAMBIZ NABIZADEH AND PARTNERS EXCHANGE,NABI ZADEH EXCHANGE,C,40992,KAMBIZNABIZADEHANDPARTNERSEXCHANGE,NABIZADEHEXCHANGE,1.0
32277,TSERTSELIvanStanislavavich,TSERTSELIVANSTANISLAVAVICH,"TSERTSEL, Ivan Stanislavavich","TERTEL, Ivan Stanislavovich",I,32277,TSERTSELIVANSTANISLAVAVICH,TERTELIVANSTANISLAVOVICH,1.0
12930,ABDOLLAHIHamed,ABDOLLAHIHAMED,"ABDOLLAHI, Hamed","ABDULLAHI, Mustafa",I,12930,ABDOLLAHIHAMED,ABDULLAHIMUSTAFA,1.0
12946,FIROUZABADIHassan,FIROUZABADIHASSAN,"FIROUZABADI, Hassan","FIRUZABADI, Hasan",I,12946,FIROUZABADIHASSAN,FIRUZABADIHASAN,1.0
49172,OOOVALCOM,OOOVALCOM,OOO VALCOM,VALKOM,C,49172,OOOVALCOM,VALKOM,1.0
44094,LIMITEDLIABILITYCOMPANYPROIZVOSTVENNAYAKOMMERCHESKAYAFIRMAGAZNEFTEMASH,LIMITEDLIABILITYCOMPANYPROIZVOSTVENNAYAKOMMERCHESKAYAFIRMAGAZNEFTEMASH,LIMITED LIABILITY COMPANY PROIZVOSTVENNAYA KOMMERCHESKAYA FIRMA GAZNEFTEMASH,PKF GAZNEFTEMASH,C,44094,LIMITEDLIABILITYCOMPANYPROIZVOSTVENNAYAKOMMERCHESKAYAFIRMAGAZNEFTEMASH,PKFGAZNEFTEMASH,1.0
30269,FRESNOHOMESAS,FRESNOHOMESAS,FRESNO HOME S.A.S.,AGROMADERAS ZAGAR S.A.S.,C,30269,FRESNOHOMESAS,AGROMADERASZAGARSAS,1.0
42741,BAZGHANDIRouhollah,BAZGHANDIROUHOLLAH,"BAZGHANDI, Rouhollah","AZIMI, Ruhollah",I,42741,BAZGHANDIROUHOLLAH,AZIMIRUHOLLAH,1.0
25057,ALRAWIAdnanMuhammadAmin,ALRAWIADNANMUHAMMADAMIN,"AL-RAWI, 'Adnan Muhammad Amin","AL-RAWI, Amin Muhammad",I,25057,ALRAWIADNANMUHAMMADAMIN,ALRAWIAMINMUHAMMAD,1.0
11740,SAIDMohamed,SAIDMOHAMED,"SA'ID, Mohamed","ATOM, Mohamed Sa'id",I,11740,SAIDMOHAMED,ATOMMOHAMEDSAID,1.0
49924,SHENZHENRIONTECHNOLOGYCOLTD,SHENZHENRIONTECHNOLOGYCOLTD,"SHENZHEN RION TECHNOLOGY CO., LTD.",RION TECHNOLOGY,C,49924,SHENZHENRIONTECHNOLOGYCOLTD,RIONTECHNOLOGY,1.0
48096,BITPAPAICFZCLLC,BITPAPAICFZCLLC,BITPAPA IC FZC LLC,BITPAPA,C,48096,BITPAPAICFZCLLC,BITPAPA,1.0
33431,INKOPDOOCUPRIJA,INKOPDOOCUPRIJA,INKOP DOO CUPRIJA,GRADJEVINSKO PREDUZECE INKOP DOO CUPRIJA,C,33431,INKOPDOOCUPRIJA,GRADJEVINSKOPREDUZECEINKOPDOOCUPRIJA,1.0
11460,CHEEMAAzam,CHEEMAAZAM,"CHEEMA, Azam","CHIMA, Azim",I,11460,CHEEMAAZAM,CHIMAAZIM,1.0
10488,KHATAMOLANBIAGHARARGAHSAZANDEGINOOH,KHATAMOLANBIAGHARARGAHSAZANDEGINOOH,KHATAM OL ANBIA GHARARGAH SAZANDEGI NOOH,KHATAM AL-ANBYA,C,10488,KHATAMOLANBIAGHARARGAHSAZANDEGINOOH,KHATAMALANBYA,1.0
7208,ESSIDSamiBenKhemais,ESSIDSAMIBENKHEMAIS,"ESSID, Sami Ben Khemais","ELSSEID, Sami Ben Khamis Ben Saleh",I,7208,ESSIDSAMIBENKHEMAIS,ELSSEIDSAMIBENKHAMISBENSALEH,1.0
52079,TGRCORPORATECONCIERGELTD,TGRCORPORATECONCIERGELTD,TGR CORPORATE CONCIERGE LTD,TGR WEALTH SOLUTIONS LTD,C,52079,TGRCORPORATECONCIERGELTD,TGRWEALTHSOLUTIONSLTD,1.0
21556,ZAHEDIMostafa,ZAHEDIMOSTAFA,"ZAHEDI, Mostafa","OMAR, Asem",I,21556,ZAHEDIMOSTAFA,OMARASEM,1.0
27164,EBTEKARSANATILYALLC,EBTEKARSANATILYALLC,EBTEKAR SANAT ILYA LLC,EBTEKAR SANAT ILIYA COMPANY,C,27164,EBTEKARSANATILYALLC,EBTEKARSANATILIYACOMPANY,1.0
39139,JOINTSTOCKCOMPANYROSSIYSKIYEKOSMICHESKIYESISTEMY,JOINTSTOCKCOMPANYROSSIYSKIYEKOSMICHESKIYESISTEMY,JOINT STOCK COMPANY ROSSIYSKIYE KOSMICHESKIYE SISTEMY,RUSSIAN SPACE SYSTEMS JSC,C,39139,JOINTSTOCKCOMPANYROSSIYSKIYEKOSMICHESKIYESISTEMY,RUSSIANSPACESYSTEMSJSC,1.0
45037,JOINTSTOCKCOMPANYKRAFTWAYCORPORATIONPLS,JOINTSTOCKCOMPANYKRAFTWAYCORPORATIONPLS,JOINT STOCK COMPANY KRAFTWAY CORPORATION PLS,JOINT STOCK COMPANY KRAFTVEY KORPOREYSHN PLS,C,45037,JOINTSTOCKCOMPANYKRAFTWAYCORPORATIONPLS,JOINTSTOCKCOMPANYKRAFTVEYKORPOREYSHNPLS,1.0
29042,DAMASCUSCHAMFORMANAGEMENTLLC,DAMASCUSCHAMFORMANAGEMENTLLC,DAMASCUS CHAM FOR MANAGEMENT LLC,DAMASCUS CHAM MANAGEMENT ONE-PERSON CO. LTD.,C,29042,DAMASCUSCHAMFORMANAGEMENTLLC,DAMASCUSCHAMMANAGEMENTONEPERSONCOLTD,1.0
15852,ANSARALDINE,ANSARALDINE,ANSAR AL-DINE,ANSAR DINE,C,15852,ANSARALDINE,ANSARDINE,1.0
34698,PECHATNIKOVAnatoliiYuryevich,PECHATNIKOVANATOLIIYURYEVICH,"PECHATNIKOV, Anatolii Yuryevich","PECHATNIKOV, Anatoly",I,34698,PECHATNIKOVANATOLIIYURYEVICH,PECHATNIKOVANATOLY,1.0
30063,DUBINSKYOleksandr,DUBINSKYOLEKSANDR,"DUBINSKY, Oleksandr","DUBINSKY, Alexander",I,30063,DUBINSKYOLEKSANDR,DUBINSKYALEXANDER,1.0
12481,MEHRBANK,MEHRBANK,MEHR BANK,MEHR INTEREST-FREE BANK,C,12481,MEHRBANK,MEHRINTERESTFREEBANK,1.0
11938,MENDOZACONTRERASCipriano,MENDOZACONTRERASCIPRIANO,"MENDOZA CONTRERAS, Cipriano","RIVERA TORRES, Javier",I,11938,MENDOZACONTRERASCIPRIANO,RIVERATORRESJAVIER,1.0
12028,ONERBANKZAO,ONERBANKZAO,ONERBANK ZAO,ONER-BANK,C,12028,ONERBANKZAO,ONERBANK,1.0
19671,NURISTANIAbdulAziz,NURISTANIABDULAZIZ,"NURISTANI, Abdul Aziz","NOORISTANI, Abdul Aziz",I,19671,NURISTANIABDULAZIZ,NOORISTANIABDULAZIZ,1.0
19045,LTSHOLDINGLIMITED,LTSHOLDINGLIMITED,LTS HOLDING LIMITED,IPP-INTERNATIONAL PETROLEUM PRODUCTS LTD.,C,19045,LTSHOLDINGLIMITED,IPPINTERNATIONALPETROLEUMPRODUCTSLTD,1.0
47919,VNIGRIGEOLOGORAZVEDKAAO,VNIGRIGEOLOGORAZVEDKAAO,VNIGRI GEOLOGORAZVEDKA AO,GEOLOGORAZVEDKA AO,C,47919,VNIGRIGEOLOGORAZVEDKAAO,GEOLOGORAZVEDKAAO,1.0
24705,LOPEZJoseFrancisco,LOPEZJOSEFRANCISCO,"LOPEZ, Jose Francisco","LOPEZ CENTENO, Jose Francisco",I,24705,LOPEZJOSEFRANCISCO,LOPEZCENTENOJOSEFRANCISCO,1.0
40416,DAMAVANDIANGhassem,DAMAVANDIANGHASSEM,"DAMAVANDIAN, Ghassem","DAMAVANDIAN, Qassem",I,40416,DAMAVANDIANGHASSEM,DAMAVANDIANQASSEM,1.0
23572,KIRISHIAVTOSERVISOOO,KIRISHIAVTOSERVISOOO,KIRISHIAVTOSERVIS OOO,LLC KIRISHIAVTOSERVIS,C,23572,KIRISHIAVTOSERVISOOO,LLCKIRISHIAVTOSERVIS,1.0
49537,BULUTLARGEMITERSANECILIKSANAYITICARETLIMITEDSIRKETI,BULUTLARGEMITERSANECILIKSANAYITICARETLIMITEDSIRKETI,BULUTLAR GEMI TERSANECILIK SANAYI TICARET LIMITED SIRKETI,BULUT SHIPYARD,C,49537,BULUTLARGEMITERSANECILIKSANAYITICARETLIMITEDSIRKETI,BULUTSHIPYARD,1.0
35347,AVIASTARSPAIRCRAFTMANUFACTURINGENTERPRISE,AVIASTARSPAIRCRAFTMANUFACTURINGENTERPRISE,AVIASTAR-SP AIRCRAFT MANUFACTURING ENTERPRISE,AVIASTAR-SP,C,35347,AVIASTARSPAIRCRAFTMANUFACTURINGENTERPRISE,AVIASTARSP,1.0
44684,CHERKASOVAIrinaAleksandrovna,CHERKASOVAIRINAALEKSANDROVNA,"CHERKASOVA, Irina Aleksandrovna","CHERKASOVA, Iryna Oleksandrivna",I,44684,CHERKASOVAIRINAALEKSANDROVNA,CHERKASOVAIRYNAOLEKSANDRIVNA,1.0
17449,MARSHALLCAPITALPARTNERS,MARSHALLCAPITALPARTNERS,MARSHALL CAPITAL PARTNERS,MARSHALL CAPITAL,C,17449,MARSHALLCAPITALPARTNERS,MARSHALLCAPITAL,1.0
23508,KIMSong,KIMSONG,"KIM, Song","KIM, So'ng",I,23508,KIMSONG,KIMSONG,1.0
12328,MUGARAGULeodomir,MUGARAGULEODOMIR,"MUGARAGU, Leodomir","LEON, Manzi",I,12328,MUGARAGULEODOMIR,LEONMANZI,1.0
49424,JOINTSTOCKCOMPANYBELARUSREZINOTEKHNIKA,JOINTSTOCKCOMPANYBELARUSREZINOTEKHNIKA,JOINT STOCK COMPANY BELARUSREZINOTEKHNIKA,BELARUSREZINOTECHNIKA OJSC,C,49424,JOINTSTOCKCOMPANYBELARUSREZINOTEKHNIKA,BELARUSREZINOTECHNIKAOJSC,1.0
35901,PUBLICJOINTSTOCKCOMPANYYAKOVLEV,PUBLICJOINTSTOCKCOMPANYYAKOVLEV,PUBLIC JOINT STOCK COMPANY YAKOVLEV,PUBLICHNOE AKTSIONERNOE OBSCHESTVO NAUCHNO-PROIZVODSTVENNAYA IRKUT,C,35901,PUBLICJOINTSTOCKCOMPANYYAKOVLEV,PUBLICHNOEAKTSIONERNOEOBSCHESTVONAUCHNOPROIZVODSTVENNAYAIRKUT,1.0
24520,YAZBAKMuhammad,YAZBAKMUHAMMAD,"YAZBAK, Muhammad","YAZBIK, Muhammad",I,24520,YAZBAKMUHAMMAD,YAZBIKMUHAMMAD,1.0
47339,ALQADIRIMuhammadAli,ALQADIRIMUHAMMADALI,"AL-QADIRI, Muhammad Ali","AL-QADRI, Muhammad",I,47339,ALQADIRIMUHAMMADALI,ALQADRIMUHAMMAD,1.0
26162,NUNEZMOLINAAdelmo,NUNEZMOLINAADELMO,"NUNEZ MOLINA, Adelmo","FLORES NUNEZ, Adelmo",I,26162,NUNEZMOLINAADELMO,FLORESNUNEZADELMO,1.0
25454,NARISHIPPINGANDCHARTERINGGMBHCOKG,NARISHIPPINGANDCHARTERINGGMBHCOKG,NARI SHIPPING AND CHARTERING GMBH & CO. KG,NARI SHIPPING AND CHARTERING GMBH AND CO. KG,C,25454,NARISHIPPINGANDCHARTERINGGMBHCOKG,NARISHIPPINGANDCHARTERINGGMBHANDCOKG,1.0
48814,SFGBALTIKA,SFGBALTIKA,SFG BALTIKA,OOO ESEFDZHI BALTIKA,C,48814,SFGBALTIKA,OOOESEFDZHIBALTIKA,1.0
23565,LIMITEDLIABILITYCOMPANYFOREIGNECONOMICASSOCIATIONTECHNOPROMEXPORT,LIMITEDLIABILITYCOMPANYFOREIGNECONOMICASSOCIATIONTECHNOPROMEXPORT,LIMITED LIABILITY COMPANY FOREIGN ECONOMIC ASSOCIATION TECHNOPROMEXPORT,OOO VO TPE,C,23565,LIMITEDLIABILITYCOMPANYFOREIGNECONOMICASSOCIATIONTECHNOPROMEXPORT,OOOVOTPE,1.0
11626,PETROCHEMICALCOMMERCIALCOMPANYUKLIMITED,PETROCHEMICALCOMMERCIALCOMPANYUKLIMITED,PETROCHEMICAL COMMERCIAL COMPANY (U.K.) LIMITED,PCC (UK),C,11626,PETROCHEMICALCOMMERCIALCOMPANYUKLIMITED,PCCUK,1.0
48664,MEHRSAMANDISHEHSAZNIK,MEHRSAMANDISHEHSAZNIK,MEHRSAM ANDISHEH SAZ NIK,DEHKADEH TELECOMMUNICATION AND SECURITY COMPANY,C,48664,MEHRSAMANDISHEHSAZNIK,DEHKADEHTELECOMMUNICATIONANDSECURITYCOMPANY,1.0
34696,KULIKVadimValerievich,KULIKVADIMVALERIEVICH,"KULIK, Vadim Valerievich","KULIK, Vadim",I,34696,KULIKVADIMVALERIEVICH,KULIKVADIM,1.0
15217,DREXTECHNOLOGIESSA,DREXTECHNOLOGIESSA,DREX TECHNOLOGIES S.A.,DREX TECHNOLOGIES,C,15217,DREXTECHNOLOGIESSA,DREXTECHNOLOGIES,1.0
38437,HAJIHOSSEINIMojtaba,HAJIHOSSEINIMOJTABA,"HAJI HOSSEINI, Mojtaba","HAJIHOSSEINI, Mojtaba",I,38437,HAJIHOSSEINIMOJTABA,HAJIHOSSEINIMOJTABA,1.0
45074,LLCARMZMININGMACHINES,LLCARMZMININGMACHINES,LLC ARMZ MINING MACHINES,ARMZ MINING MACHINERY,C,45074,LLCARMZMININGMACHINES,ARMZMININGMACHINERY,1.0
18529,DEIFMuhammed,DEIFMUHAMMED,"DEIF, Muhammed","AL-DAYF, Muhammad",I,18529,DEIFMUHAMMED,ALDAYFMUHAMMAD,1.0
15541,JALILIRasool,JALILIRASOOL,"JALILI, Rasool","JALILI, RASOUL",I,15541,JALILIRASOOL,JALILIRASOUL,1.0
37803,SCIENTIFICANDRESEARCHINSTITUTEFERRITDOMEN,SCIENTIFICANDRESEARCHINSTITUTEFERRITDOMEN,SCIENTIFIC AND RESEARCH INSTITUTE FERRIT DOMEN,AO NII FERRIT DOMEN,C,37803,SCIENTIFICANDRESEARCHINSTITUTEFERRITDOMEN,AONIIFERRITDOMEN,1.0
51075,KSIANLIMITEDLIABILITYCOMPANY,KSIANLIMITEDLIABILITYCOMPANY,ATRAN LIMITED LIABILITY COMPANY,OOO ATRAN,C,50280,ATRANLIMITEDLIABILITYCOMPANY,OOOATRAN,0.865
51531,JOINTSTOCKCOMPANYINVESTGEOSERVIS,JOINTSTOCKCOMPANYINVESTGEOSERVIS,JOINT STOCK COMPANY INVESTGEOSERVIS,AO INVESTGEOSERVIS,C,51531,JOINTSTOCKCOMPANYINVESTGEOSERVIS,AOINVESTGEOSERVIS,1.0
6862,HAMIEHJamiel,HAMIEHJAMIEL,"HAMIEH, Jamiel","HAMIAH, Jamiel",I,6862,HAMIEHJAMIEL,HAMIAHJAMIEL,1.0
23478,PAKTongSok,PAKTONGSOK,"PAK, Tong Sok","PAK, Tong-So'k",I,23478,PAKTONGSOK,PAKTONGSOK,1.0
45792,SKYROYALHEROCOMPANYLIMITED,SKYROYALHEROCOMPANYLIMITED,SKY ROYAL HERO COMPANY LIMITED,SKY ROYAL HERO LTD,C,45792,SKYROYALHEROCOMPANYLIMITED,SKYROYALHEROLTD,1.0
45854,ALESKEEVAMarinaMikhaylovna,ALESKEEVAMARINAMIKHAYLOVNA,"ALESKEEVA, Marina Mikhaylovna","ALEKSEYEVA, Marina Mikhaylovna",I,45854,ALESKEEVAMARINAMIKHAYLOVNA,ALEKSEYEVAMARINAMIKHAYLOVNA,1.0
19991,KHANANIMuhammadJaved,KHANANIMUHAMMADJAVED,"KHANANI, Muhammad Javed","KHANANI, Javed",I,19991,KHANANIMUHAMMADJAVED,KHANANIJAVED,1.0
28317,HONGYUANMARINECOLTD,HONGYUANMARINECOLTD,HONGYUAN MARINE CO LTD,HONGYUAN MARINE CO LTD HONG UNION,C,28317,HONGYUANMARINECOLTD,HONGYUANMARINECOLTDHONGUNION,1.0
11911,ALAQSATV,ALAQSATV,AL-AQSA TV,SIRAJ AL-AQSA TV,C,11911,ALAQSATV,SIRAJALAQSATV,1.0
30702,KGBALPHA,KGBALPHA,KGB ALPHA,ALFA SPETZNAZ,C,30702,KGBALPHA,ALFASPETZNAZ,1.0
30412,DAYCOMPANY,DAYCOMPANY,DAY COMPANY,DEY COMPANY,C,30412,DAYCOMPANY,DEYCOMPANY,1.0
41048,MILEKHINYuriyMikhailovich,MILEKHINYURIYMIKHAILOVICH,"MILEKHIN, Yuriy Mikhailovich","MILEKHIN, Yuriy Mihailovich",I,41048,MILEKHINYURIYMIKHAILOVICH,MILEKHINYURIYMIHAILOVICH,1.0
15971,CISNEROSRODRIGUEZJoseMisael,CISNEROSRODRIGUEZJOSEMISAEL,"CISNEROS RODRIGUEZ, Jose Misael","CISNEROS, Jose Misal",I,15971,CISNEROSRODRIGUEZJOSEMISAEL,CISNEROSJOSEMISAL,1.0
33332,ISMAILTalibHusaynAliJarak,ISMAILTALIBHUSAYNALIJARAK,"ISMAIL, Talib Husayn Ali Jarak","ESMAEL, Taleb H. A. J.",I,33332,ISMAILTALIBHUSAYNALIJARAK,ESMAELTALEBHAJ,1.0
19100,LORDSRESISTANCEARMY,LORDSRESISTANCEARMY,LORD'S RESISTANCE ARMY,LORD'S RESISTANCE MOVEMENT,C,19100,LORDSRESISTANCEARMY,LORDSRESISTANCEMOVEMENT,1.0
27969,WAKILRohullah,WAKILROHULLAH,"WAKIL, Rohullah","WAKIL, Haji Sahib Rohullah",I,27969,WAKILROHULLAH,WAKILHAJISAHIBROHULLAH,1.0
50693,AVTONOMNAYANEKOMMERCHESKAYAORGANIZATSIYASODEYSTVIYARAZVITIYUMEZHDUNARODNOVOSOTRUDNICHESTVAEVRAZIYA,AVTONOMNAYANEKOMMERCHESKAYAORGANIZATSIYASODEYSTVIYARAZVITIYUMEZHDUNARODNOVOSOTRUDNICHESTVAEVRAZIYA,AVTONOMNAYA NEKOMMERCHESKAYA ORGANIZATSIYA SODEYSTVIYA RAZVITIYU MEZHDUNARODNOVO SOTRUDNICHESTVA EVRAZIYA,ANO EVRAZIYA,C,50693,AVTONOMNAYANEKOMMERCHESKAYAORGANIZATSIYASODEYSTVIYARAZVITIYUMEZHDUNARODNOVOSOTRUDNICHESTVAEVRAZIYA,ANOEVRAZIYA,1.0
7927,SIREGARParlindungan,SIREGARPARLINDUNGAN,"SIREGAR, Parlindungan","SIREGAR, Parlin",I,7927,SIREGARPARLINDUNGAN,SIREGARPARLIN,1.0
36029,JSC33SHIPYARD,JSC33SHIPYARD,JSC 33 SHIPYARD,JOINT-STOCK COMPANY 33 SRZ,C,36029,JSC33SHIPYARD,JOINTSTOCKCOMPANY33SRZ,1.0
37758,NEFAZPUBLICLYTRADEDCOMPANY,NEFAZPUBLICLYTRADEDCOMPANY,NEFAZ PUBLICLY TRADED COMPANY,NEFAZ PAO,C,37758,NEFAZPUBLICLYTRADEDCOMPANY,NEFAZPAO,1.0
26557,SHAHIDSHOKRISCIENCEANDTECHNOLOGYRESEARCHCENTER,SHAHIDSHOKRISCIENCEANDTECHNOLOGYRESEARCHCENTER,SHAHID SHOKRI SCIENCE AND TECHNOLOGY RESEARCH CENTER,SHAHID SHIKRI CENTER,C,26557,SHAHIDSHOKRISCIENCEANDTECHNOLOGYRESEARCHCENTER,SHAHIDSHIKRICENTER,1.0
51432,JSCDRAGA,JSCDRAGA,JSC DRAGA,AO DRAGA,C,51432,JSCDRAGA,AODRAGA,1.0
7157,FARMACIAVIDASUPREMASADECV,FARMACIAVIDASUPREMASADECV,"FARMACIA VIDA SUPREMA, S.A. DE C.V.",FARMACIAS VIDA,C,7157,FARMACIAVIDASUPREMASADECV,FARMACIASVIDA,1.0
42979,PRORATASOLUTIONSBV,PRORATASOLUTIONSBV,PRO RATA SOLUTIONS B.V.,PRO RATA INCASSO,C,42979,PRORATASOLUTIONSBV,PRORATAINCASSO,1.0
40581,AKTSIONERNOYEOBSHCHESTVODALNEVOSTOCHNYYZAVODZVEZDA,AKTSIONERNOYEOBSHCHESTVODALNEVOSTOCHNYYZAVODZVEZDA,AKTSIONERNOYE OBSHCHESTVO DALNEVOSTOCHNYY ZAVOD ZVEZDA,FAR EASTERN PLANT ZVEZDA JOINT STOCK COMPANY,C,40581,AKTSIONERNOYEOBSHCHESTVODALNEVOSTOCHNYYZAVODZVEZDA,FAREASTERNPLANTZVEZDAJOINTSTOCKCOMPANY,1.0
23965,KATIBATALIMAMALBUKHARI,KATIBATALIMAMALBUKHARI,KATIBAT AL-IMAM AL-BUKHARI,IMAM BUKHORI JAMAAT,C,23965,KATIBATALIMAMALBUKHARI,IMAMBUKHORIJAMAAT,1.0
50237,NAREIKOIvanNikolaevich,NAREIKOIVANNIKOLAEVICH,"NAREIKO, Ivan Nikolaevich","NAREIKA, Ivan Mikalaevych",I,50237,NAREIKOIVANNIKOLAEVICH,NAREIKAIVANMIKALAEVYCH,1.0
47745,JOINTSTOCKCOMPANYARZAMASMACHINEBUILDINGPLANT,JOINTSTOCKCOMPANYARZAMASMACHINEBUILDINGPLANT,JOINT STOCK COMPANY ARZAMAS MACHINE BUILDING PLANT,JOINT STOCK COMPANY ARZAMAS MACHINERY PLANT,C,47745,JOINTSTOCKCOMPANYARZAMASMACHINEBUILDINGPLANT,JOINTSTOCKCOMPANYARZAMASMACHINERYPLANT,1.0
23630,LIWAALTHAWRA,LIWAALTHAWRA,LIWA AL-THAWRA,LIWA AL-THAWRAH,C,23630,LIWAALTHAWRA,LIWAALTHAWRAH,1.0
34499,OTKRITIELTDGROUP,OTKRITIELTDGROUP,OTKRITIE LTD GROUP,OTKRITIE LTD,C,34499,OTKRITIELTDGROUP,OTKRITIELTD,1.0
6950,UTHMANOmarMahmoud,UTHMANOMARMAHMOUD,"UTHMAN, Omar Mahmoud","AL-FILISTINI, Abu Qatada",I,6950,UTHMANOMARMAHMOUD,ALFILISTINIABUQATADA,1.0
18345,SENATSHIPPINGLIMITED,SENATSHIPPINGLIMITED,SENAT SHIPPING LIMITED,SENAT SHIPPING AND TRADING PRIVATE LIMITED,C,18345,SENATSHIPPINGLIMITED,SENATSHIPPINGANDTRADINGPRIVATELIMITED,1.0
21569,AVILAROCHAMariaMonserrat,AVILAROCHAMARIAMONSERRAT,"AVILA ROCHA, Maria Monserrat","AVILA DE LA ROCHA, Maria Monserrate",I,21569,AVILAROCHAMARIAMONSERRAT,AVILADELAROCHAMARIAMONSERRATE,1.0
9532,JANPRAPAPORNArin,JANPRAPAPORNARIN,"JANPRAPAPORN, Arin","CHANTHRAPRAPHAPHON, Arin",I,9532,JANPRAPAPORNARIN,CHANTHRAPRAPHAPHONARIN,1.0
11738,GARAADMohamedAbdi,GARAADMOHAMEDABDI,"GARAAD, Mohamed Abdi","GARAD, Abdi",I,11738,GARAADMOHAMEDABDI,GARADABDI,1.0
45808,HOMECREDITFINANCEBANKLIMITEDLIABILITYCOMPANY,HOMECREDITFINANCEBANKLIMITEDLIABILITYCOMPANY,HOME CREDIT & FINANCE BANK LIMITED LIABILITY COMPANY,HOME CREDIT AND FINANCE BANK LIMITED LIABILITY COMPANY,C,45808,HOMECREDITFINANCEBANKLIMITEDLIABILITYCOMPANY,HOMECREDITANDFINANCEBANKLIMITEDLIABILITYCOMPANY,1.0
27029,SUZHOUZHONGSHENGMAGNETICINDUSTRYCOLTD,SUZHOUZHONGSHENGMAGNETICINDUSTRYCOLTD,"SUZHOU ZHONGSHENG MAGNETIC INDUSTRY CO., LTD.",SUZHOU ZHONGSHENG MAGNETIC COMPANY LIMITED,C,27029,SUZHOUZHONGSHENGMAGNETICINDUSTRYCOLTD,SUZHOUZHONGSHENGMAGNETICCOMPANYLIMITED,1.0
26397,HERNANDEZDALAIvanRafael,HERNANDEZDALAIVANRAFAEL,"HERNANDEZ DALA, Ivan Rafael","HERNANDEZ DALA, Ivan",I,26397,HERNANDEZDALAIVANRAFAEL,HERNANDEZDALAIVAN,1.0
51325,USHKOSergeiPetrovich,USHKOSERGEIPETROVICH,"USHKO, Sergei Petrovich","USHKO, Sergey",I,51325,USHKOSERGEIPETROVICH,USHKOSERGEY,1.0
23580,UGOLNYETEKHNOLOGIIOOO,UGOLNYETEKHNOLOGIIOOO,"UGOLNYE TEKHNOLOGII, OOO",OBSHCHESTVO S OGRANICHENNOI OTVETSTVENNOSTYU 'UGOLNYE TEKHNOLOGII',C,23580,UGOLNYETEKHNOLOGIIOOO,OBSHCHESTVOSOGRANICHENNOIOTVETSTVENNOSTYUUGOLNYETEKHNOLOGII,1.0
38667,PETROVSKIYYanIgorevich,PETROVSKIYYANIGOREVICH,"PETROVSKIY, Yan Igorevich","PETROVSKY, Jan",I,38667,PETROVSKIYYANIGOREVICH,PETROVSKYJAN,1.0
22267,ALHAMIDHashimMuhsinAydarus,ALHAMIDHASHIMMUHSINAYDARUS,"AL-HAMID, Hashim Muhsin Aydarus","ALHAMAD, Hashem Mohssein Idroos",I,22267,ALHAMIDHASHIMMUHSINAYDARUS,ALHAMADHASHEMMOHSSEINIDROOS,1.0
35257,BOBKOVSergeiAlekseevich,BOBKOVSERGEIALEKSEEVICH,"BOBKOV, Sergei Alekseevich","BOBKOV, Sergey Alekseyevich",I,35257,BOBKOVSERGEIALEKSEEVICH,BOBKOVSERGEYALEKSEYEVICH,1.0
39184,JSCSCIENTIFICANDTECHNICALCENTERZASLON,JSCSCIENTIFICANDTECHNICALCENTERZASLON,JSC SCIENTIFIC AND TECHNICAL CENTER ZASLON,ZASLON SCIENCE AND TECHNOLOGY CENTER,C,39184,JSCSCIENTIFICANDTECHNICALCENTERZASLON,ZASLONSCIENCEANDTECHNOLOGYCENTER,1.0
35235,NOVIKOVDmitriyGeorgievich,NOVIKOVDMITRIYGEORGIEVICH,"NOVIKOV, Dmitriy Georgievich","NOVIKOV, Dmitry Georgievich",I,35235,NOVIKOVDMITRIYGEORGIEVICH,NOVIKOVDMITRYGEORGIEVICH,1.0
9537,PICHAYOSWinai,PICHAYOSWINAI,"PICHAYOS, Winai","PITCHAYOS, Vinai",I,9537,PICHAYOSWINAI,PITCHAYOSVINAI,1.0
555,COMERCIALIZACIONDEPRODUCTOSVARIOS,COMERCIALIZACIONDEPRODUCTOSVARIOS,COMERCIALIZACION DE PRODUCTOS VARIOS,COPROVA,C,555,COMERCIALIZACIONDEPRODUCTOSVARIOS,COPROVA,1.0
40972,GREENLANDOILGASTRADINGFZE,GREENLANDOILGASTRADINGFZE,GREENLAND OIL & GAS TRADING FZE,GREENLAND OIL AND GAS TRADING FZE,C,40972,GREENLANDOILGASTRADINGFZE,GREENLANDOILANDGASTRADINGFZE,1.0
17755,RUSSIANNATIONALCOMMERCIALBANK,RUSSIANNATIONALCOMMERCIALBANK,RUSSIAN NATIONAL COMMERCIAL BANK,ROSSISKI NATSIONALNY KOMMERCHESKI BANK OTKRYTOE AKTSIONERNOE OBSHCHESTVO,C,17755,RUSSIANNATIONALCOMMERCIALBANK,ROSSISKINATSIONALNYKOMMERCHESKIBANKOTKRYTOEAKTSIONERNOEOBSHCHESTVO,1.0
48962,CAPITALTAPGENERALTRADINGLLC,CAPITALTAPGENERALTRADINGLLC,CAPITAL TAP GENERAL TRADING L.L.C.,ELRAKIZA GENERAL TRADING L.L.C.,C,48962,CAPITALTAPGENERALTRADINGLLC,ELRAKIZAGENERALTRADINGLLC,1.0
40580,INTERNATIONALLIMITEDLIABILITYCOMPANYINTERROSCAPITAL,INTERNATIONALLIMITEDLIABILITYCOMPANYINTERROSCAPITAL,MK INTERROS INVEST,INTERNATIONAL LIMITED LIABILITY COMPANY INTERROS INVEST,C,40575,MKINTERROSINVEST,INTERNATIONALLIMITEDLIABILITYCOMPANYINTERROSINVEST,0.8501835477665414
45066,NAJAFIANPURAmer,NAJAFIANPURAMER,"NAJAFIANPUR, Amer","NAJAFIANPOUR, Amer",I,45066,NAJAFIANPURAMER,NAJAFIANPOURAMER,1.0
20921,KOZENKOAndreyDmitrievich,KOZENKOANDREYDMITRIEVICH,"KOZENKO, Andrey Dmitrievich","KOZENKO, Andrei",I,20921,KOZENKOANDREYDMITRIEVICH,KOZENKOANDREI,1.0
36783,FEDOROVYuryViktorovich,FEDOROVYURYVIKTOROVICH,"FEDOROV, Yury Viktorovich","FYODOROV, Yury Viktorovich",I,36783,FEDOROVYURYVIKTOROVICH,FYODOROVYURYVIKTOROVICH,1.0
40921,HKSIHAIYINGTONGINDUSTRYCOLIMITED,HKSIHAIYINGTONGINDUSTRYCOLIMITED,"HK SIHAI YINGTONG INDUSTRY CO., LIMITED","TROPICAL RAIN FOREST LOGISTICS CO., LIMITED",C,40921,HKSIHAIYINGTONGINDUSTRYCOLIMITED,TROPICALRAINFORESTLOGISTICSCOLIMITED,1.0
52002,JSCRUSSIANCOAL,JSCRUSSIANCOAL,JSC RUSSIAN COAL,RUSSKI UGOL AO,C,52002,JSCRUSSIANCOAL,RUSSKIUGOLAO,1.0
12066,JAFARIMohammadAli,JAFARIMOHAMMADALI,"JAFARI, Mohammad Ali","JAFARI-NAJAFABADI, Mohammad Ali",I,12066,JAFARIMOHAMMADALI,JAFARINAJAFABADIMOHAMMADALI,1.0
44240,OZEANHORIZONTPROJEKTENTWICKLUNGSGMBHCOKG,OZEANHORIZONTPROJEKTENTWICKLUNGSGMBHCOKG,OZEAN HORIZONT PROJEKTENTWICKLUNGS GMBH & CO. KG,OZEAN HORIZONT PROJEKTENTWICKLUNGS GMBH AND CO. KG,C,44240,OZEANHORIZONTPROJEKTENTWICKLUNGSGMBHCOKG,OZEANHORIZONTPROJEKTENTWICKLUNGSGMBHANDCOKG,1.0
7280,JEMAAISLAMIYAH,JEMAAISLAMIYAH,JEMAA ISLAMIYAH,JEMA'A ISLAMIYAH,C,7280,JEMAAISLAMIYAH,JEMAAISLAMIYAH,1.0
47922,SEVMORNEFTEGEOFIZIKAAO,SEVMORNEFTEGEOFIZIKAAO,SEVMORNEFTEGEOFIZIKA AO,SEVMORNEFTEGEOFIZIKA JSC,C,47922,SEVMORNEFTEGEOFIZIKAAO,SEVMORNEFTEGEOFIZIKAJSC,1.0
35353,PUBLICJOINTSTOCKCOMPANYODKUFIMSKOYEMOTOROSTROITELNOYEPRODUCTIONASSOCIATION,PUBLICJOINTSTOCKCOMPANYODKUFIMSKOYEMOTOROSTROITELNOYEPRODUCTIONASSOCIATION,PUBLIC JOINT-STOCK COMPANY ODK-UFIMSKOYE MOTOROSTROITELNOYE PRODUCTION ASSOCIATION,ODK-UMPO ENGINE BUILDING ENTERPRISE,C,35353,PUBLICJOINTSTOCKCOMPANYODKUFIMSKOYEMOTOROSTROITELNOYEPRODUCTIONASSOCIATION,ODKUMPOENGINEBUILDINGENTERPRISE,1.0
16909,HOMSREFINERYCOMPANY,HOMSREFINERYCOMPANY,HOMS REFINERY COMPANY,GENERAL COMPANY FOR HOMS REFINERY,C,16909,HOMSREFINERYCOMPANY,GENERALCOMPANYFORHOMSREFINERY,1.0
7324,MOROCCANISLAMICCOMBATANTGROUP,MOROCCANISLAMICCOMBATANTGROUP,MOROCCAN ISLAMIC COMBATANT GROUP,GICM,C,7324,MOROCCANISLAMICCOMBATANTGROUP,GICM,1.0
17789,TAHINIAbdallahAsad,TAHINIABDALLAHASAD,"TAHINI, Abdallah Asad","THAHINI, Abdallah",I,17789,TAHINIABDALLAHASAD,THAHINIABDALLAH,1.0
27593,ALCARDINALINVESTMENTSCOLTD,ALCARDINALINVESTMENTSCOLTD,AL CARDINAL INVESTMENTS CO. LTD,AL-CARDINAL INVESTMENTS COMPANY LIMITED,C,27593,ALCARDINALINVESTMENTSCOLTD,ALCARDINALINVESTMENTSCOMPANYLIMITED,1.0
27000,MAYCHOUAli,MAYCHOUALI,"MAYCHOU, Ali","AL SANHAJI, Abu Abdul Rahman Ali",I,27000,MAYCHOUALI,ALSANHAJIABUABDULRAHMANALI,1.0
46219,BANLUCOMERCIALIZADORASADECV,BANLUCOMERCIALIZADORASADECV,"BANLU COMERCIALIZADORA, S.A. DE C.V.",CEAR GYM,C,46219,BANLUCOMERCIALIZADORASADECV,CEARGYM,1.0
21403,MUGHNIYEHMustafa,MUGHNIYEHMUSTAFA,"MUGHNIYEH, Mustafa","MUGHNIYAH, Mustafa",I,21403,MUGHNIYEHMUSTAFA,MUGHNIYAHMUSTAFA,1.0
39361,BELOUSOVAndreyRemovich,BELOUSOVANDREYREMOVICH,"BELOUSOV, Andrey Removich","BELOUSOV, Andrei Removich",I,39361,BELOUSOVANDREYREMOVICH,BELOUSOVANDREIREMOVICH,1.0
8881,SHALISHAsif,SHALISHASIF,"SHALISH, Asif","SHALEESH, Dr. Assef Essa",I,8881,SHALISHASIF,SHALEESHDRASSEFESSA,1.0
11380,HUSAINAliSaleh,HUSAINALISALEH,"HUSAIN, Ali Saleh","AL-TABUKI, 'Ali Salih Husayn al-Dhahak",I,11380,HUSAINALISALEH,ALTABUKIALISALIHHUSAYNALDHAHAK,1.0
46131,JANGMyongChol,JANGMYONGCHOL,"JANG, Myong Chol","CHANG, Myo' ng-ch'o' l",I,46131,JANGMYONGCHOL,CHANGMYONGCHOL,1.0
11417,TALLERDEREPARACIONESDEAERODINOSSUSPARTESYSERVICIOSAEREOSSA,TALLERDEREPARACIONESDEAERODINOSSUSPARTESYSERVICIOSAEREOSSA,TALLER DE REPARACIONES DE AERODINOS SUS PARTES Y SERVICIOS AEREOS S.A.,TRAPSA,C,11417,TALLERDEREPARACIONESDEAERODINOSSUSPARTESYSERVICIOSAEREOSSA,TRAPSA,1.0
12116,ZURAIKAliHasan,ZURAIKALIHASAN,"ZURAIK, Ali Hasan","ZREIK, Ali Hassan",I,12116,ZURAIKALIHASAN,ZREIKALIHASSAN,1.0
30854,MOFIDRAHBARAUDITFIRM,MOFIDRAHBARAUDITFIRM,MOFIDRAHBAR AUDIT FIRM,MOFID RAAHBAR AUDITING INSTITUTION,C,30854,MOFIDRAHBARAUDITFIRM,MOFIDRAAHBARAUDITINGINSTITUTION,1.0
10044,FAYADSobhiMahmoud,FAYADSOBHIMAHMOUD,"FAYAD, Sobhi Mahmoud","FAYADH, Sobhi Mahmoud",I,10044,FAYADSOBHIMAHMOUD,FAYADHSOBHIMAHMOUD,1.0
26564,SADRARESEARCHCENTER,SADRARESEARCHCENTER,SADRA RESEARCH CENTER,SADRA CENTER,C,26564,SADRARESEARCHCENTER,SADRACENTER,1.0
33595,ABOUTALEBIYousef,ABOUTALEBIYOUSEF,"ABOUTALEBI, Yousef","ABU-TALEBI, Yusif",I,33595,ABOUTALEBIYOUSEF,ABUTALEBIYUSIF,1.0
11291,WEIHsuehYuan,WEIHSUEHYUAN,"WEI, Hsueh Yuan","WEI, Hsueh Ying",I,11291,WEIHSUEHYUAN,WEIHSUEHYING,1.0
18310,ROTENBERGRomanBorisovich,ROTENBERGROMANBORISOVICH,"ROTENBERG, Roman Borisovich","ROTENBERG, Roman Borysovych",I,18310,ROTENBERGROMANBORISOVICH,ROTENBERGROMANBORYSOVYCH,1.0
36053,JOINTSTOCKCOMPANY10ORDENATRUDOVOGOKRASNOGOZNAMENIDOCKYARD,JOINTSTOCKCOMPANY10ORDENATRUDOVOGOKRASNOGOZNAMENIDOCKYARD,JOINT STOCK COMPANY 10 ORDENA TRUDOVOGO KRASNOGO ZNAMENI DOCKYARD,AO 10 SRZ,C,36053,JOINTSTOCKCOMPANY10ORDENATRUDOVOGOKRASNOGOZNAMENIDOCKYARD,AO10SRZ,1.0
7581,CONSTRUCCIONESPROGRESODELPUERTOSA,CONSTRUCCIONESPROGRESODELPUERTOSA,CONSTRUCCIONES PROGRESO DEL PUERTO S.A.,CONPUERTO S.A.,C,7581,CONSTRUCCIONESPROGRESODELPUERTOSA,CONPUERTOSA,1.0
12404,AZHARAbdulRauf,AZHARABDULRAUF,"AZHAR, Abdul Rauf","ALVI, Abdul Rauf",I,12404,AZHARABDULRAUF,ALVIABDULRAUF,1.0
39316,BADAASMohamedAli,BADAASMOHAMEDALI,"BADAAS, Mohamed Ali","BA DAS, Muhammad Ali",I,39316,BADAASMOHAMEDALI,BADASMUHAMMADALI,1.0
10726,ALMAZIDIHBadranTurkiHishan,ALMAZIDIHBADRANTURKIHISHAN,"AL MAZIDIH, Badran Turki Hishan","AL-MAZIDIH, Badran Turki al-Hishan",I,10726,ALMAZIDIHBADRANTURKIHISHAN,ALMAZIDIHBADRANTURKIALHISHAN,1.0
39142,JOINTSTOCKCOMPANYRESEARCHANDPRODUCTIONASSOCIATIONNAMEDAFTERSALAVOCHKINA,JOINTSTOCKCOMPANYRESEARCHANDPRODUCTIONASSOCIATIONNAMEDAFTERSALAVOCHKINA,JOINT STOCK COMPANY RESEARCH AND PRODUCTION ASSOCIATION NAMED AFTER S. A. LAVOCHKINA,S.A. LAVOCHKIN NPO,C,39142,JOINTSTOCKCOMPANYRESEARCHANDPRODUCTIONASSOCIATIONNAMEDAFTERSALAVOCHKINA,SALAVOCHKINNPO,1.0
25654,TAMASCOMPANY,TAMASCOMPANY,TAMAS COMPANY,RAW MATERIALS AND NUCLEAR FUEL PRODUCTION COMPANY,C,25654,TAMASCOMPANY,RAWMATERIALSANDNUCLEARFUELPRODUCTIONCOMPANY,1.0
30373,KAVEHPARSMININGINDUSTRIESDEVELOPMENTCOMPANY,KAVEHPARSMININGINDUSTRIESDEVELOPMENTCOMPANY,KAVEH PARS MINING INDUSTRIES DEVELOPMENT COMPANY,SHERKATE SANAYE MADANIYE KAVEH PARS,C,30373,KAVEHPARSMININGINDUSTRIESDEVELOPMENTCOMPANY,SHERKATESANAYEMADANIYEKAVEHPARS,1.0
34776,STATEOWNEDFOREIGNTRADEUNITARYENTERPRISEBELSPETSVNESHTECHNIKA,STATEOWNEDFOREIGNTRADEUNITARYENTERPRISEBELSPETSVNESHTECHNIKA,STATE OWNED FOREIGN TRADE UNITARY ENTERPRISE BELSPETSVNESHTECHNIKA,SFTUE BELSPETSVNESHTECHNIKA,C,34776,STATEOWNEDFOREIGNTRADEUNITARYENTERPRISEBELSPETSVNESHTECHNIKA,SFTUEBELSPETSVNESHTECHNIKA,1.0
49174,JOINTSTOCKCOMPANYRESEARCHANDPRODUCTIONCENTERVIGSTAR,JOINTSTOCKCOMPANYRESEARCHANDPRODUCTIONCENTERVIGSTAR,JOINT STOCK COMPANY RESEARCH AND PRODUCTION CENTER VIGSTAR,AO NPTS VIGSTAR,C,49174,JOINTSTOCKCOMPANYRESEARCHANDPRODUCTIONCENTERVIGSTAR,AONPTSVIGSTAR,1.0
28164,BEIRUTDIAMSAL,BEIRUTDIAMSAL,BEIRUT DIAM SAL,BEIRUT DIAM COMPANY SAL,C,28164,BEIRUTDIAMSAL,BEIRUTDIAMCOMPANYSAL,1.0
29624,MOBINHOLDINGLIMITED,MOBINHOLDINGLIMITED,MOBIN HOLDING LIMITED,GOLDEN CROWN OVERSEAS LIMITED,C,29624,MOBINHOLDINGLIMITED,GOLDENCROWNOVERSEASLIMITED,1.0
42196,BASHKIROVAlekseiVladimirovich,BASHKIROVALEKSEIVLADIMIROVICH,"BASHKIROV, Aleksei Vladimirovich","BASHKIROV, Alexey Vladimirovich",I,42196,BASHKIROVALEKSEIVLADIMIROVICH,BASHKIROVALEXEYVLADIMIROVICH,1.0
10386,GULFCARTEL,GULFCARTEL,GULF CARTEL,CARTEL DEL GOLFO,C,10386,GULFCARTEL,CARTELDELGOLFO,1.0
35874,TRVAUTOLIMITEDLIABILITYCOMPANY,TRVAUTOLIMITEDLIABILITYCOMPANY,TRV AUTO LIMITED LIABILITY COMPANY,TRV AVTO OOO,C,35874,TRVAUTOLIMITEDLIABILITYCOMPANY,TRVAVTOOOO,1.0
26941,PAKPOURMohammad,PAKPOURMOHAMMAD,"PAKPOUR, Mohammad","PAKPUR, Mohammad",I,26941,PAKPOURMOHAMMAD,PAKPURMOHAMMAD,1.0
47934,VNIGRIUGOLAO,VNIGRIUGOLAO,VNIGRIUGOL AO,AKTSIONERNOE OBSHCHESTVO VSEROSSIISKII NAUCHNO ISSLEDOVATELSKII GEOLOGORAZVEDOCHNYI INSTITUT UGOLNYKH MESTOROZHDENII,C,47934,VNIGRIUGOLAO,AKTSIONERNOEOBSHCHESTVOVSEROSSIISKIINAUCHNOISSLEDOVATELSKIIGEOLOGORAZVEDOCHNYIINSTITUTUGOLNYKHMESTOROZHDENII,1.0
34439,DARALSALAMFORTRAVELTOURISM,DARALSALAMFORTRAVELTOURISM,DAR AL SALAM FOR TRAVEL & TOURISM,DAR AL SALAM FOR TRAVEL AND TOURISM,C,34439,DARALSALAMFORTRAVELTOURISM,DARALSALAMFORTRAVELANDTOURISM,1.0
49543,ALIKHANOVDmitriiVladimirovich,ALIKHANOVDMITRIIVLADIMIROVICH,"ALIKHANOV, Dmitrii Vladimirovich","ALIKHANOV, Dmitry Vladimirovich",I,49543,ALIKHANOVDMITRIIVLADIMIROVICH,ALIKHANOVDMITRYVLADIMIROVICH,1.0
39265,RAPOPORTBorisYakovlevich,RAPOPORTBORISYAKOVLEVICH,"RAPOPORT, Boris Yakovlevich","RAPOPORT, Boris Jakovlevich",I,39265,RAPOPORTBORISYAKOVLEVICH,RAPOPORTBORISJAKOVLEVICH,1.0
37783,PEREVERZEVATatianaViktorovna,PEREVERZEVATATIANAVIKTOROVNA,"PEREVERZEVA, Tatiana Viktorovna","PEREVERZEVA, Tetiana Viktorivna",I,37783,PEREVERZEVATATIANAVIKTOROVNA,PEREVERZEVATETIANAVIKTORIVNA,1.0
44721,SILKWAYLIMITEDLIABILITYCOMPANY,SILKWAYLIMITEDLIABILITYCOMPANY,SILKWAY LIMITED LIABILITY COMPANY,SILKWAY LLC,C,44721,SILKWAYLIMITEDLIABILITYCOMPANY,SILKWAYLLC,1.0
48952,CHENTing,CHENTING,"CHEN, Ting","CHEN, Sharry",I,48952,CHENTING,CHENSHARRY,1.0
11391,NZEYIMANAStanislas,NZEYIMANASTANISLAS,"NZEYIMANA, Stanislas","BIGARUKA IZABAYO, Deogratias",I,11391,NZEYIMANASTANISLAS,BIGARUKAIZABAYODEOGRATIAS,1.0
7205,BOUCHOUCHAMokhtar,BOUCHOUCHAMOKHTAR,"BOUCHOUCHA, Mokhtar","BUSHUSHA, Mokhtar",I,7205,BOUCHOUCHAMOKHTAR,BUSHUSHAMOKHTAR,1.0
18250,MORGANADDITIVESMANUFACTURINGCO,MORGANADDITIVESMANUFACTURINGCO,MORGAN ADDITIVES MANUFACTURING CO.,MORGAN MIDDLE EAST LLC,C,18250,MORGANADDITIVESMANUFACTURINGCO,MORGANMIDDLEEASTLLC,1.0
51560,NAUCHNOPROIZVODSTVENNOEPREDPRIYATIEBURENIE,NAUCHNOPROIZVODSTVENNOEPREDPRIYATIEBURENIE,NAUCHNO PROIZVODSTVENNOE PREDPRIYATIE BURENIE,NPP BURENIE,C,51560,NAUCHNOPROIZVODSTVENNOEPREDPRIYATIEBURENIE,NPPBURENIE,1.0
40192,924THSTATECENTERFORUAVAVIATION,924THSTATECENTERFORUAVAVIATION,924TH STATE CENTER FOR UAV AVIATION,FEDERALNOE KAZENNOE UCHREZHDENIE VOISKOVAIA CHAST 20924,C,40192,924THSTATECENTERFORUAVAVIATION,FEDERALNOEKAZENNOEUCHREZHDENIEVOISKOVAIACHAST20924,1.0
8330,ALMAJIDHusseinKamelHassan,ALMAJIDHUSSEINKAMELHASSAN,"AL-MAJID, Hussein Kamel Hassan","AL-MAJID, Husayn Kamil Hasan",I,8330,ALMAJIDHUSSEINKAMELHASSAN,ALMAJIDHUSAYNKAMILHASAN,1.0
36097,FEDERALSTATEUNITARYENTERPRISEKRONSHTADTSKYYMORSKOYFACTORYMINOBORONYROSSII,FEDERALSTATEUNITARYENTERPRISEKRONSHTADTSKYYMORSKOYFACTORYMINOBORONYROSSII,FEDERAL STATE UNITARY ENTERPRISE KRONSHTADTSKYY MORSKOY FACTORY MINOBORONY ROSSII,JOINT STOCK COMPANY KRONSTADT MARINE PLANT,C,36097,FEDERALSTATEUNITARYENTERPRISEKRONSHTADTSKYYMORSKOYFACTORYMINOBORONYROSSII,JOINTSTOCKCOMPANYKRONSTADTMARINEPLANT,1.0
52750,YEMENKUWAITBANKFORTRADEANDINVESTMENTYSC,YEMENKUWAITBANKFORTRADEANDINVESTMENTYSC,YEMEN KUWAIT BANK FOR TRADE AND INVESTMENT Y.S.C,YEMEN KUWAIT BANK FOR TRADE AND INVESTMENT,C,52750,YEMENKUWAITBANKFORTRADEANDINVESTMENTYSC,YEMENKUWAITBANKFORTRADEANDINVESTMENT,1.0
22286,KIMSuKwang,KIMSUKWANG,"KIM, Su-Kwang","KIM, Su-gwang",I,22286,KIMSUKWANG,KIMSUGWANG,1.0
51199,BADRTimur,BADRTIMUR,"BADR, Timur","BADR, Timur Soubhovic",I,51199,BADRTIMUR,BADRTIMURSOUBHOVIC,1.0
40978,TRESTROSSPETSENERGOMONTAZHOOO,TRESTROSSPETSENERGOMONTAZHOOO,TREST ROSSPETSENERGOMONTAZH OOO,OOO TREST ROSSPETSENERGOMONTAZH,C,40978,TRESTROSSPETSENERGOMONTAZHOOO,OOOTRESTROSSPETSENERGOMONTAZH,1.0
49499,BEIJINGDEEPCOOLINDUSTRIESCOLTD,BEIJINGDEEPCOOLINDUSTRIESCOLTD,BEIJING DEEPCOOL INDUSTRIES CO LTD,BEIJING XINQUANSHENG TECHNOLOGY CO LTD,C,49499,BEIJINGDEEPCOOLINDUSTRIESCOLTD,BEIJINGXINQUANSHENGTECHNOLOGYCOLTD,1.0
37767,KOGOGINSergeiAnatolyevich,KOGOGINSERGEIANATOLYEVICH,"KOGOGIN, Sergei Anatolyevich","KOGOGIN, Sergey",I,37767,KOGOGINSERGEIANATOLYEVICH,KOGOGINSERGEY,1.0
40177,FEDERALSTATEUNITARYENTERPRISESCIENTIFICANDPRODUCTIONENTERPRISEGAMMA,FEDERALSTATEUNITARYENTERPRISESCIENTIFICANDPRODUCTIONENTERPRISEGAMMA,FEDERAL STATE UNITARY ENTERPRISE SCIENTIFIC AND PRODUCTION ENTERPRISE GAMMA,FGUP NPP GAMMA,C,40177,FEDERALSTATEUNITARYENTERPRISESCIENTIFICANDPRODUCTIONENTERPRISEGAMMA,FGUPNPPGAMMA,1.0
15520,ALHARBIAdelRadiSaqrAlWahabi,ALHARBIADELRADISAQRALWAHABI,"AL-HARBI, Adel Radi Saqr Al-Wahabi","AL-HARBI, 'Adil Radi Saqr al-Wahbi",I,15520,ALHARBIADELRADISAQRALWAHABI,ALHARBIADILRADISAQRALWAHBI,1.0
6823,PATINOFOMEQUEVictorJulio,PATINOFOMEQUEVICTORJULIO,"PATINO FOMEQUE, Victor Julio","PATINO FOMEQUE, Victor Hugo",I,6823,PATINOFOMEQUEVICTORJULIO,PATINOFOMEQUEVICTORHUGO,1.0
52225,LIMITEDLIABILITYCOMPANYCHEYNCHIP,LIMITEDLIABILITYCOMPANYCHEYNCHIP,LIMITED LIABILITY COMPANY CHEYNCHIP,CHAINCHIP LLC,C,52225,LIMITEDLIABILITYCOMPANYCHEYNCHIP,CHAINCHIPLLC,1.0
25047,ZANJANACIDPRODUCTIONCOMPANY,ZANJANACIDPRODUCTIONCOMPANY,ZANJAN ACID PRODUCTION COMPANY,ZANJAN ACID MAKERS AND ALVAND ROUINKARAN,C,25047,ZANJANACIDPRODUCTIONCOMPANY,ZANJANACIDMAKERSANDALVANDROUINKARAN,1.0
43138,UNIVERSALNYMORSKOIPORTINDIGALIMITEDLIABILITYCOMPANY,UNIVERSALNYMORSKOIPORTINDIGALIMITEDLIABILITYCOMPANY,UNIVERSALNY MORSKOI PORT INDIGA LIMITED LIABILITY COMPANY,OBSHCHESTVO S ORGANICHENNOI OTVETSTVENNOSTYU UNIVERSALNY MORSKOI PORT INDIGA,C,43138,UNIVERSALNYMORSKOIPORTINDIGALIMITEDLIABILITYCOMPANY,OBSHCHESTVOSORGANICHENNOIOTVETSTVENNOSTYUUNIVERSALNYMORSKOIPORTINDIGA,1.0
47989,OOOSTANDARDLINE,OOOSTANDARDLINE,OOO STANDARD LINE,OOO STANDART LAIN,C,47989,OOOSTANDARDLINE,OOOSTANDARTLAIN,1.0
23763,CHANGANSHIPPINGTECHNOLOGY,CHANGANSHIPPINGTECHNOLOGY,CHANG AN SHIPPING & TECHNOLOGY,CHANG AN SHIPPING AND TECHNOLOGY,C,23763,CHANGANSHIPPINGTECHNOLOGY,CHANGANSHIPPINGANDTECHNOLOGY,1.0
28530,SHAHEDPHARM,SHAHEDPHARM,SHAHED PHARM,SHAHED PHARM DRUGSTORE SARL,C,28530,SHAHEDPHARM,SHAHEDPHARMDRUGSTORESARL,1.0
21334,AUTONOMOUSNONCOMMERCIALORGANIZATIONPROFESSIONALASSOCIATIONOFDESIGNERSOFDATAPROCESSINGSYSTEMS,AUTONOMOUSNONCOMMERCIALORGANIZATIONPROFESSIONALASSOCIATIONOFDESIGNERSOFDATAPROCESSINGSYSTEMS,AUTONOMOUS NONCOMMERCIAL ORGANIZATION PROFESSIONAL ASSOCIATION OF DESIGNERS OF DATA PROCESSING SYSTEMS,ANO PO KSI,C,21334,AUTONOMOUSNONCOMMERCIALORGANIZATIONPROFESSIONALASSOCIATIONOFDESIGNERSOFDATAPROCESSINGSYSTEMS,ANOPOKSI,1.0
52636,LIMITEDLIABILITYCOMPANYSCIENTIFICANDPRODUCTIONCENTERSKADA,LIMITEDLIABILITYCOMPANYSCIENTIFICANDPRODUCTIONCENTERSKADA,LIMITED LIABILITY COMPANY SCIENTIFIC AND PRODUCTION CENTER SKADA,OBSHCHESTVO S OGRANICHENNOI OTVETSTVENNOSTIU NAUCHNO PROIZVODSTVENNYI TSENTR SKADA,C,52636,LIMITEDLIABILITYCOMPANYSCIENTIFICANDPRODUCTIONCENTERSKADA,OBSHCHESTVOSOGRANICHENNOIOTVETSTVENNOSTIUNAUCHNOPROIZVODSTVENNYITSENTRSKADA,1.0
51801,JOINTSTOCKCOMPANYCOALMETBANK,JOINTSTOCKCOMPANYCOALMETBANK,JOINT STOCK COMPANY COALMETBANK,UGLEMETBANK,C,51801,JOINTSTOCKCOMPANYCOALMETBANK,UGLEMETBANK,1.0
34596,KIRIYENKOVladimirSergeevich,KIRIYENKOVLADIMIRSERGEEVICH,"KIRIYENKO, Vladimir Sergeevich","KIRIYENKO, Vladimir",I,34596,KIRIYENKOVLADIMIRSERGEEVICH,KIRIYENKOVLADIMIR,1.0
12629,GADDAFISaadi,GADDAFISAADI,"GADDAFI, Saadi","GADHAFI, Saadi",I,12629,GADDAFISAADI,GADHAFISAADI,1.0
